RestaurantID,RestaurantName,CuisineType,Segment,Subregion,GrowthFactor,AOV,MonthlyOrders,InStoreOrdersCount,UberEatsOrdersCount,DoorDashOrdersCount,SelfDeliveryOrdersCount,InStoreRevenue,UberEatsRevenue,DoorDashRevenue,SelfDeliveryRevenue,TotalRevenue,COGSRate,OPEXRate,CommissionRate,DeliveryRadiusKM,DeliveryCostOrder,SD_DeliveryTotalCost,InStoreNetProfit,UberEatsNetProfit,DoorDashNetProfit,SelfDeliveryNetProfit,TotalNetProfit,InStoreShare,UE_share,DD_share,SD_share,NetMarginPct,AggregatorDependence,AggregatorRevenueShare,CostBurden,DeliveryEfficiency,ScaleIndex,RevenuePerOrder,TotalRevenue_pt,MonthlyOrders_pt,ScaleIndex_pt,SD_DeliveryTotalCost_pt,PC1,PC2,PC3,ClusterID,GPI,ClusterLabel,StrategicRecommendation
1,Golden Wok #1,Sushi,Casual Dining,Ponsonby,1.0137,36.73,2574,877,580,594,523,32212.21,21968.64,23167.35,20034.45,97382.65,0.3532,0.4718,0.2694,4.9,1.72,899.56,5637.14,-2073.84,-2187.0,2606.47,3982.77,0.3407,0.3418,0.35,0.3082,0.04089814766798809,0.6918,0.4634910838840389,0.825,88.64406779661016,2609.2638,37.83319735819735,-0.31233599084325314,-0.3705879978854853,-0.35575410362720244,-0.5679159633042663,2.1684704168993902,1.7490541844244998,2.428458663370432,2,38.1,Aggregator-Dependent Low Margin,"Rebalance channels: shift volume toward in-store/self-delivery, renegotiate commission exposure"
2,Tui Table #2,Italian,Bar/Pub,Devonport,0.9933,34.29,2087,984,379,348,376,33741.36,14739.98,13058.16,13747.74,75287.24,0.2858,0.2804,0.304,3.0,2.1,789.6,14637.0,1913.25,1694.95,5174.17,23419.37,0.4715,0.3436,0.3155,0.3409,0.31106692183164103,0.6591,0.36922777352443786,0.5662,94.0,2073.0171,36.07438428366076,-0.8165730611664531,-0.7323996828823275,-0.7501656908644763,-0.7282547477722106,0.12623415280341463,-2.6229435024251666,-0.4237188186434543,0,52.0,Scalable Self-Delivery Leaders,"Optimize: invest in expansion capacity, replicate channel mix in new sites"
3,Arataki Eatery #3,Sushi,Cafe,Manukau,1.0241,34.18,2545,1091,514,527,413,37290.38,20030.88,19024.48,14273.15,90618.89,0.2823,0.4264,0.2845,5.7,2.91,1201.83,10862.69,136.21,129.37,2955.94,14084.21,0.4287,0.3535,0.3624,0.284,0.15542245110263433,0.7159,0.430984753841059,0.7087,61.64179104477612,2606.3345,35.606636542239684,-0.4601138782092979,-0.39114684312790976,-0.357792717884213,-0.19757970979563255,0.7861310103108498,0.46568107340028797,0.3293085455631626,2,46.6,Aggregator-Dependent Low Margin,"Rebalance channels: shift volume toward in-store/self-delivery, renegotiate commission exposure"
4,The Copper Pan #4,Indian,QSR,Ponsonby,1.0026,32.11,5752,1989,1228,1412,1123,63866.79,44431.32,46560.47,38684.48,193543.06,0.2889,0.3511,0.3186,6.7,2.56,2874.88,22992.04,1839.46,1927.6,11051.53,37810.63,0.3458,0.3263,0.3752,0.2984,0.19536029863328605,0.7015,0.4701371880758732,0.64,145.84415584415584,5766.955199999999,33.647958970792764,1.4072808822328413,1.4413689812988826,1.4130992358464385,1.0441215576277236,-1.4031541888614505,-0.17312817804863076,1.324027566559466,4,59.2,High-Growth / High-Risk,Optimize: strong momentum but monitor cost burden; reinforce operational capacity ahead of scale
5,Nikau Noodle House #5,Seafood,QSR,North Shore,1.0025,32.98,4754,1845,902,1077,930,60848.1,32518.35,39636.93,31975.37,164978.75,0.3308,0.3289,0.2711,3.8,3.58,3329.4,20706.61,2250.27,2742.88,7551.82,33251.58,0.3881,0.3101,0.3702,0.3197,0.20155068455785974,0.6802999999999999,0.437361054075146,0.6597,193.75,4765.884999999999,34.70314472023559,0.9521941862575982,0.9419804032852255,0.9214382324637914,1.2733358291205408,-0.6950915234994439,-0.7268782944422337,2.3512325373815157,4,57.9,High-Growth / High-Risk,Optimize: strong momentum but monitor cost burden; reinforce operational capacity ahead of scale
6,Manuka Street Food #6,Sushi,Casual Dining,Newmarket,1.0141,38.05,3091,1012,601,847,631,38506.6,24983.07,33589.37,25135.33,122214.37,0.3194,0.3373,0.294,6.9,4.24,2675.44,13219.32,1231.67,1655.96,5953.52,22060.47,0.3274,0.2891,0.4074,0.3035,0.1805063512580395,0.6965,0.47925984481202993,0.6567000000000001,79.87341772151899,3134.5831,39.538780329990296,0.19113005974122801,-0.021338615196465627,-0.006932008440886739,0.934078414032041,0.3792954619503804,0.19962304488471638,0.8881064959027748,2,52.4,Aggregator-Dependent Low Margin,"Rebalance channels: shift volume toward in-store/self-delivery, renegotiate commission exposure"
7,Golden Wok #7,Bar & Grill,Fine Dining,Ponsonby,1.0084,46.18,1088,692,159,104,133,31956.56,8429.32,5164.57,6392.61,51943.06,0.3255,0.4576,0.2952,3.0,1.73,230.09,6931.38,-660.02,-404.39,1156.47,7023.44,0.636,0.4015,0.2626,0.3359,0.1352142134098376,0.6641,0.26170753128521884,0.7831,33.25,1097.1392,47.741783088235294,-1.4366573171419903,-1.6367530736757328,-1.6308323125958164,-2.068115454452285,5.638183942183576,-0.5825640517833697,-0.30771367551039724,3,27.9,"Overextended, Low Return","Hold / stabilize: pause expansion, reduce cost burden and delivery radius before reinvesting"
8,Volcano Pizza #8,Pizza,QSR,Manukau,1.0187,33.49,6318,1765,1778,1539,1236,59109.85,62655.1,55835.3,41512.94,219113.19,0.2485,0.2765,0.325,5.9,1.99,2459.64,28077.18,9398.26,8375.29,17259.01,63109.74,0.2794,0.3905,0.338,0.2715,0.28802346403701207,0.7285,0.540772556868895,0.525,179.1304347826087,6436.1466,34.68078347578348,1.7874130296640935,1.705896113738607,1.7183236182135946,0.8071879722978196,-3.6771170989650237,-0.20397838852343708,1.3493101371503382,4,78.0,High-Growth / High-Risk,Optimize: strong momentum but monitor cost burden; reinforce operational capacity ahead of scale
9,Cafe Aroha #9,Sushi,QSR,Devonport,0.99,29.79,4891,1758,1348,866,919,52370.82,41356.54,26932.78,28465.72,149125.86,0.2868,0.3015,0.2288,13.7,1.22,1121.18,21561.07,7564.11,4926.01,10598.16,44649.35,0.3594,0.4303,0.2764,0.2933,0.29940715849015054,0.7067,0.4579307706926217,0.5883,62.51700680272109,4842.09,30.489850746268655,0.6828343775298568,1.0133669092925235,0.9605725731506212,-0.2881862751640361,-2.0247602951703803,-1.0173421077985407,-0.4592212146112729,4,54.1,High-Growth / High-Risk,Optimize: strong momentum but monitor cost burden; reinforce operational capacity ahead of scale
10,Golden Wok #10,Steakhouse,Casual Dining,Manukau,1.0141,40.33,2354,857,511,629,357,34562.81,22526.31,26186.74,14701.37,97977.23,0.3426,0.3675,0.2662,10.9,5.03,1795.71,10019.76,533.87,620.63,2466.22,13640.48,0.3641,0.3413,0.4202,0.2385,0.1392209189829106,0.7615000000000001,0.4971874587595506,0.7101,30.0,2387.1914,41.621593033135085,-0.2995894990792555,-0.5294981022314259,-0.5136772505837766,0.3494822539138825,1.2245622209057463,2.1071757085724645,-0.43006798731786616,2,40.7,Aggregator-Dependent Low Margin,"Rebalance channels: shift volume toward in-store/self-delivery, renegotiate commission exposure"
11,Karaka Kebabs #11,Vegan/Plant-Based,QSR,West Auckland,0.9965,29.79,5955,2129,1823,1188,815,63422.91,57714.52,37699.46,24944.46,183781.35,0.3683,0.2,0.3055,10.2,3.14,2559.1,27379.67,7283.57,4757.67,8209.42,47630.33,0.3575,0.4765,0.3105,0.213,0.25916846295883667,0.7869999999999999,0.5191711781418517,0.5683,72.76785714285715,5934.1575,30.861687657430732,1.2557106128022506,1.5376402689933655,1.4909453170469746,0.8667548718187902,-3.1311984473905765,1.3627833075433267,-0.5644170613841399,4,56.8,High-Growth / High-Risk,Optimize: strong momentum but monitor cost burden; reinforce operational capacity ahead of scale
12,Pohutukawa Pub #12,Sushi,Fine Dining,Devonport,1.0005,39.95,1063,584,86,221,172,23330.8,3648.38,10098.53,7228.22,44305.93,0.3518,0.5061,0.3264,6.0,3.33,572.76,3315.31,-672.4,-1861.16,454.37,1236.12,0.5494,0.1795,0.4614,0.3591,0.02789965135592459,0.6409,0.31027246239950274,0.8579,24.571428571428573,1063.5315,41.68008466603951,-1.6684701527121326,-1.6637612833644209,-1.66708671762047,-1.1070525962809996,5.783036143955771,-0.20091517188448133,0.14973994130837998,3,14.2,"Overextended, Low Return","Hold / stabilize: pause expansion, reduce cost burden and delivery radius before reinvesting"
13,Rangitoto Roast #13,Indian,Cafe,West Auckland,0.99,30.8,3348,1534,680,742,392,47247.2,21382.17,25138.22,12554.32,106321.91,0.257,0.3459,0.2872,4.1,1.33,521.36,18761.86,2349.9,2762.69,4463.96,28338.41,0.4582,0.3749,0.409,0.2161,0.2665340568091751,0.7839,0.4375428357146706,0.6029,76.86274509803923,3314.52,31.756842891278374,-0.12454299329904918,0.14166378792804102,0.10575378434492064,-1.2138068184491937,-1.4541482900892089,0.3550729755252039,-1.9048938337491699,1,47.4,Stable Local Performers,"Hold / stabilize: protect margin, selectively test growth levers before scaling"
14,Rangitoto Roast #14,Korean BBQ,QSR,South Auckland,1.0187,32.29,6546,2167,1643,1478,1258,69972.43,58225.68,51045.46,40923.75,220167.32,0.2645,0.2758,0.2712,5.5,2.8,3522.4,32166.33,10975.54,9622.07,15290.25,68054.19,0.331,0.3752,0.3375,0.2873,0.30910214104436573,0.7127,0.4963095340398384,0.5403,193.53846153846155,6668.410199999999,33.63387106630003,1.8026039192141616,1.809181895390422,1.8205361206488655,1.3629851452722297,-3.370329470584613,-0.9236367232027866,1.7161999766100355,4,77.8,High-Growth / High-Risk,Optimize: strong momentum but monitor cost burden; reinforce operational capacity ahead of scale
15,Gecko Cafe #15,Bakery/Desserts,Bar/Pub,Manukau,0.99,33.57,1713,810,306,345,252,27191.7,10830.46,11871.87,8509.07,58403.1,0.2766,0.312,0.3027,9.3,3.36,846.72,11186.67,1177.27,1290.47,2653.91,16308.32,0.4729,0.3389,0.3821,0.2791,0.27923723227020486,0.721,0.38871789339949425,0.5886,24.466019417475728,1695.87,34.09404553415061,-1.253343951132607,-1.039203402053639,-1.0590561274073054,-0.642840766590777,0.17336145684006618,-1.216668116288157,-2.444485728941788,1,42.3,Stable Local Performers,"Hold / stabilize: protect margin, selectively test growth levers before scaling"
16,Tui Table #16,Steakhouse,QSR,Ponsonby,0.9928,34.91,6336,1806,1446,2227,857,63047.46,52722.26,85366.3,30362.23,231498.25,0.2471,0.3179,0.3061,12.5,2.52,2159.64,27425.65,6795.9,11003.72,11047.93,56273.2,0.285,0.3192,0.4916,0.1892,0.24308261509536247,0.8108,0.5964993687857252,0.565,63.48148148148148,6290.3808,36.536971275252526,1.9636940086848111,1.7141154462580626,1.653236674329702,0.6147456575435873,-2.9358555686729666,1.9235541718720184,-1.7920800282992233,1,55.7,Stable Local Performers,"Hold / stabilize: protect margin, selectively test growth levers before scaling"
17,Karaka Kebabs #17,Thai,QSR,South Auckland,1.0227,29.79,4029,1173,854,1199,803,34943.67,26083.19,36860.96,24286.67,122174.49,0.3165,0.2553,0.2692,12.7,3.98,3195.94,14962.88,4147.23,5860.89,7203.61,32174.61,0.2911,0.299,0.4198,0.2812,0.2633496567082048,0.7188,0.5151987947729513,0.5718000000000001,58.61313868613139,4120.458299999999,30.32377513030529,0.19036398904693105,0.5463013752501268,0.5766330035946744,1.2088277636029712,-2.469148171062456,-0.2661805425755354,0.06655249931226394,4,62.3,High-Growth / High-Risk,Optimize: strong momentum but monitor cost burden; reinforce operational capacity ahead of scale
18,Spice Route #18,Chinese,QSR,East Auckland,1.0156,30.58,4183,1434,1041,808,900,43851.72,33978.33,26945.53,28861.33,133636.91,0.3245,0.2,0.2899,11.7,5.31,4779.0,20851.49,6306.38,5001.09,8944.56,41103.52,0.3428,0.3787,0.2939,0.3274,0.30757610303919775,0.6726,0.4558909660512204,0.5245,70.86614173228347,4248.254800000001,31.947623715037057,0.405727530457748,0.6330728166629568,0.6469307074330012,1.8647738757184324,-2.193674602598273,-1.8647576206895817,0.37827132507829003,4,64.1,High-Growth / High-Risk,Optimize: strong momentum but monitor cost burden; reinforce operational capacity ahead of scale
19,Manuka Street Food #19,Seafood,QSR,Auckland CBD,1.0028,29.95,5320,1870,1361,1162,927,56006.5,46234.89,38899.95,28158.59,169299.93,0.3131,0.3204,0.3154,6.9,1.76,1631.52,20526.38,2362.6,1987.79,8688.6,33565.37,0.3515,0.3945,0.3368,0.2687,0.1982597984535493,0.7313000000000001,0.5028640000028352,0.6335,117.34177215189872,5334.896,31.823295112781953,1.02338918987732,1.2308355525992696,1.2065762016004702,0.2151574778324955,-1.959649820411778,0.6346539207503609,0.8439243360178612,4,57.3,High-Growth / High-Risk,Optimize: strong momentum but monitor cost burden; reinforce operational capacity ahead of scale
20,The Copper Pan #20,Steakhouse,QSR,North Shore,1.0338,31.84,3981,1085,995,1017,884,34546.4,33701.0,34812.02,30131.95,133191.37,0.2934,0.326,0.3367,9.6,1.68,1485.12,13148.36,1479.47,1528.25,9983.1,26139.18,0.2725,0.3436,0.3512,0.3052,0.19625280526808908,0.6948000000000001,0.514395339577932,0.6194,83.39622641509435,4115.5578000000005,33.45676212007033,0.39752966725889516,0.5189273850581801,0.5739159165268495,0.08573156582087334,-1.645952681490848,0.15943985505536087,1.2842495524961703,4,62.9,High-Growth / High-Risk,Optimize: strong momentum but monitor cost burden; reinforce operational capacity ahead of scale
21,Karaka Kebabs #21,Indian,QSR,Auckland CBD,1.0054,32.98,3825,1214,1084,1027,500,40037.72,39621.35,35866.23,16766.72,132292.02,0.3169,0.29,0.3023,8.4,1.83,915.0,15738.83,3597.62,3256.65,5676.0,28269.1,0.3174,0.4152,0.3933,0.1915,0.21368711430969156,0.8085,0.570613253921136,0.6069,53.191489361702125,3845.655,34.58614901960784,0.3809407200462341,0.42883541409255543,0.4216982963999459,-0.5467016907964974,-2.229879441589582,2.418970943187772,-0.9915864357538063,4,50.3,High-Growth / High-Risk,Optimize: strong momentum but monitor cost burden; reinforce operational capacity ahead of scale
22,Little Saigon #22,Burgers,QSR,Auckland CBD,1.0125,29.79,3687,1084,1090,749,764,32292.36,36314.09,22896.41,22925.49,114428.35,0.3051,0.2426,0.2813,8.8,4.57,3491.48,14605.83,6209.71,3915.29,6877.72,31608.55,0.294,0.4187,0.2877,0.2935,0.2762300601205907,0.7064,0.5174460699643052,0.5477,77.95918367346938,3733.0874999999996,31.03562516951451,0.03916527137124843,0.34763821256560024,0.35664664703288756,1.3488969843484668,-2.668828577821216,-0.6321731604081984,0.5434085878402178,4,62.8,High-Growth / High-Risk,Optimize: strong momentum but monitor cost burden; reinforce operational capacity ahead of scale
23,Blue Wave Sushi #23,Sushi,QSR,Ponsonby,1.016,34.53,5081,1547,1516,1257,761,53417.91,55627.21,44412.1,28118.31,181575.53,0.2767,0.3044,0.2784,16.6,3.95,3005.95,22376.76,7815.62,6239.9,8772.81,45205.09,0.3045,0.429,0.3557,0.2153,0.24896025362007754,0.7847,0.5509514966030941,0.5811,43.23863636363636,5162.296,35.73617988584924,1.2209180972737395,1.1107804475173337,1.1217557859494853,1.113090859193568,-2.4411766947564524,1.4576260431779993,-1.12647109037249,4,56.9,High-Growth / High-Risk,Optimize: strong momentum but monitor cost burden; reinforce operational capacity ahead of scale
24,The Brass Fork #24,Bakery/Desserts,Casual Dining,Ponsonby,0.9967,38.22,3018,979,848,678,513,37417.38,36520.65,27880.06,20070.1,121888.19,0.3755,0.3068,0.2967,3.3,2.65,1359.45,11887.5,766.93,585.48,5016.82,18256.73,0.3244,0.4159,0.3325,0.2516,0.14978259993851742,0.7484,0.5283589000706304,0.6823,119.30232558139535,3008.0406000000003,40.38707422133864,0.18486073670973696,-0.06882973757258098,-0.08811886326309747,-0.03396108535276628,-0.01905238405855653,2.0304630292925983,1.3064804192902457,2,48.5,Aggregator-Dependent Low Margin,"Rebalance channels: shift volume toward in-store/self-delivery, renegotiate commission exposure"
25,Tui Table #25,Thai,Casual Dining,Ponsonby,1.0131,31.38,1899,709,402,460,328,22248.42,14001.68,16381.11,10642.94,63274.15,0.3094,0.3286,0.2765,8.7,2.84,931.52,8053.93,1197.14,1400.58,2921.22,13572.87,0.3734,0.3378,0.3866,0.2756,0.2145089266311756,0.7243999999999999,0.48017697590564234,0.638,33.81443298969072,1923.8768999999998,33.319720905739864,-1.1216163915435844,-0.8829462010007431,-0.868669905835707,-0.5243245562147665,-0.4212018844050654,0.1952441957745444,-0.6041800852023328,1,47.6,Stable Local Performers,"Hold / stabilize: protect margin, selectively test growth levers before scaling"
26,Arataki Eatery #26,Italian,Cafe,Auckland CBD,0.997,29.79,3699,1544,731,847,577,45995.76,23795.2,26537.34,18507.59,114835.89,0.3033,0.3125,0.2857,13.7,1.9,1096.3,17671.57,2343.83,2613.93,6014.32,28643.65,0.4174,0.3392,0.393,0.2677,0.24943116651074854,0.7322,0.43829973364598823,0.6158,39.25170068027211,3687.903,31.045117599351176,0.04724289601002919,0.35475684012516645,0.33026087844449437,-0.31721105012749995,-1.079440634694202,-0.3077121029196632,-1.5054573520510088,1,46.8,Stable Local Performers,"Hold / stabilize: protect margin, selectively test growth levers before scaling"
27,Nikau Noodle House #27,Italian,Cafe,Auckland CBD,0.9988,30.96,4054,1832,762,718,742,56718.72,24066.39,24332.77,24707.87,129825.75,0.2074,0.3922,0.2483,4.4,3.78,2804.76,22710.18,3660.5,3701.01,7088.27,37159.96,0.4519,0.3429,0.3231,0.3339,0.28622950377717826,0.6659999999999999,0.3728009273969147,0.5996,137.4074074074074,4049.1352,32.024111988159845,0.3351633633814988,0.560495886745888,0.5369278289996707,1.0061636433497172,-0.8811882334391596,-2.64695662907025,0.40334550291048105,0,57.2,Scalable Self-Delivery Leaders,"Optimize: invest in expansion capacity, replicate channel mix in new sites"
28,Kiwi Kitchen Co #28,Vegan/Plant-Based,Casual Dining,West Auckland,1.0264,37.23,2137,714,547,521,355,26582.22,20865.01,21510.3,13972.55,82930.08,0.3583,0.3619,0.3189,7.2,2.38,844.9,7437.71,-815.82,-841.05,3064.62,8845.46,0.3341,0.3844,0.3661,0.2495,0.10666166003939703,0.7505,0.5109763550210008,0.7202,43.29268292682927,2193.4168,38.80677585400094,-0.6348342791640028,-0.6934830776128412,-0.6575606048237664,-0.6454886859397377,0.7433239008965838,2.4482043819785364,0.596156479551012,2,45.3,Aggregator-Dependent Low Margin,"Rebalance channels: shift volume toward in-store/self-delivery, renegotiate commission exposure"
29,Silver Fern Diner #29,Burgers,Bar/Pub,Manukau,0.99,35.64,1717,856,369,293,199,30507.84,15108.22,10733.95,7131.48,63481.49,0.3041,0.3176,0.2458,7.6,2.51,499.49,11541.12,2001.84,1422.25,2198.35,17163.56,0.4985,0.4286,0.3403,0.2311,0.2703710955744738,0.7688999999999999,0.4070819698781487,0.6216999999999999,23.13953488372093,1699.83,36.97232964472918,-1.1161216363549264,-1.0357586458236239,-1.055644435799725,-1.261849466143191,0.40515103281367904,0.22870528455017042,-2.4219275835570047,1,39.0,Stable Local Performers,"Hold / stabilize: protect margin, selectively test growth levers before scaling"
30,The Copper Pan #30,Pizza,Bar/Pub,South Auckland,0.99,35.9,2649,1104,759,490,296,39633.6,30564.11,18292.93,11130.81,99621.45,0.2609,0.4377,0.267,8.7,3.47,1027.12,11945.57,1051.41,629.28,2327.71,15953.97,0.4168,0.4913,0.3172,0.1916,0.16014593242720318,0.8085,0.49042691107186254,0.6986,30.515463917525775,2622.5099999999998,37.60719139297848,-0.2645370929875263,-0.31793463554369317,-0.34654973805839273,-0.4008409681388814,0.1851609585671281,2.4137647344812136,-1.781429550593648,1,32.7,Stable Local Performers,"Hold / stabilize: protect margin, selectively test growth levers before scaling"
31,The Copper Pan #31,Indian,QSR,East Auckland,1.0362,32.79,6433,1862,1930,1628,1013,61054.98,72263.75,56748.72,35844.55,225912.0,0.3168,0.3176,0.2829,3.9,2.59,2623.67,22321.7,5976.21,4693.12,10481.1,43472.13,0.2894,0.4222,0.3562,0.2216,0.19242948581748645,0.7784,0.5710740022663692,0.6344000000000001,206.734693877551,6665.8746,35.11767449090627,1.8847702465828704,1.7582144537825322,1.8194299265195373,0.9044215229233554,-3.1992141919921906,2.204188399195309,2.712024173253458,4,73.4,High-Growth / High-Risk,Optimize: strong momentum but monitor cost burden; reinforce operational capacity ahead of scale
32,Cafe Aroha #32,Italian,QSR,North Shore,1.05,35.32,5588,1892,1176,1516,1004,66825.44,47239.23,59280.45,38147.59,211492.71,0.3168,0.3169,0.3397,11.6,2.54,2550.16,24478.16,1256.56,1576.86,11423.3,38734.88,0.3386,0.3182,0.4102,0.2716,0.18314995349012267,0.7283999999999999,0.5036565090115872,0.6337,79.68253968253968,5867.400000000001,37.84765748031496,1.6765125594124153,1.3623805356983094,1.4599969117658067,0.8614787697542503,-1.21687949177481,1.0743690598641213,0.9893952205009134,4,66.6,High-Growth / High-Risk,Optimize: strong momentum but monitor cost burden; reinforce operational capacity ahead of scale
33,Golden Wok #33,Bar & Grill,QSR,Devonport,1.0059,29.79,6233,1835,1604,1464,1330,54664.65,48865.81,46973.98,39956.69,190461.13,0.2807,0.2815,0.2673,11.8,2.81,3737.3,23932.18,8331.62,8009.06,13755.74,54028.6,0.2944,0.3647,0.3329,0.3024,0.28367257928166234,0.6976,0.50319868416196,0.5622,103.90625,6269.7747,30.55689555591208,1.35984102836429,1.6669278875093496,1.6439754025190523,1.4582047050880584,-2.9719564160159613,-0.951599602624476,0.7219003623976464,4,66.6,High-Growth / High-Risk,Optimize: strong momentum but monitor cost burden; reinforce operational capacity ahead of scale
34,Silver Fern Diner #34,Italian,QSR,South Auckland,0.99,29.79,3890,993,951,938,1008,29581.47,31813.22,31168.91,30979.54,123543.14,0.3164,0.2702,0.26,11.3,3.67,3699.36,12228.98,4880.15,4781.31,9107.58,30998.02,0.2553,0.3283,0.3238,0.3479,0.2509084680865324,0.6520999999999999,0.5097986824683265,0.5866,81.95121951219512,3851.1,31.759161953727506,0.21658524278686933,0.46658679995423513,0.42482072673024845,1.4417248141490955,-1.7284652426406444,-1.495980479515181,1.0695654219078317,4,55.0,High-Growth / High-Risk,Optimize: strong momentum but monitor cost burden; reinforce operational capacity ahead of scale
35,Westfield Wok #35,Thai,Casual Dining,Auckland CBD,1.0013,34.17,2439,930,641,529,339,31778.1,23625.62,20476.19,11876.03,87755.94,0.2957,0.2707,0.2635,6.5,4.61,1562.79,13778.98,4018.72,3483.0,3586.66,24867.36,0.3813,0.4248,0.3506,0.2247,0.28336953601089565,0.7754000000000001,0.5025507105274013,0.5664,45.2,2442.1707,35.98029520295203,-0.5242894095948205,-0.46727920385605415,-0.47392157785473843,0.15563072657191404,-1.4823753833192397,0.5951766870633666,-1.4700361394665207,1,51.5,Stable Local Performers,"Hold / stabilize: protect margin, selectively test growth levers before scaling"
36,Harbor Bites #36,Bakery/Desserts,Cafe,Devonport,1.0007,32.01,3888,1598,951,815,524,51151.98,34174.93,29181.9,16947.32,131456.13,0.2617,0.3984,0.3298,9.8,3.44,1802.56,17386.56,345.17,294.74,3957.83,21984.3,0.411,0.4153,0.3559,0.2288,0.16723678081805693,0.7712,0.4819617769061055,0.6600999999999999,48.51851851851851,3890.7216,33.81073302469136,0.36547268714410297,0.4654298112198559,0.44747587075585277,0.3548647869966804,-0.7644939242665975,1.3600705097178938,-1.2541236980718224,1,43.3,Stable Local Performers,"Hold / stabilize: protect margin, selectively test growth levers before scaling"
37,Manuka Street Food #37,Sushi,QSR,Newmarket,1.0092,36.36,4484,1572,1174,846,892,57157.92,43577.64,35343.64,34235.88,170315.08,0.3338,0.3224,0.2,6.4,3.68,3282.56,19650.89,6266.46,5082.42,8487.74,39487.51,0.3506,0.4032,0.2905,0.3063,0.23184975752000353,0.6937,0.46338398220521637,0.6562,120.54054054054053,4525.2528,37.98284567350579,1.0399849665339571,0.7983009617926048,0.7957754497835055,1.250940190087899,-0.4384657561789539,-0.19793352178433316,1.9311183521351363,4,57.8,High-Growth / High-Risk,Optimize: strong momentum but monitor cost burden; reinforce operational capacity ahead of scale
38,Kiwi Kitchen Co #38,Steakhouse,Cafe,Auckland CBD,0.99,29.79,3876,1650,786,846,594,49153.5,24760.5,28177.9,18082.93,120174.83,0.3092,0.341,0.2499,8.3,2.58,1532.52,17193.89,2473.57,2814.97,4792.89,27275.32,0.4257,0.3531,0.3801,0.2668,0.22696366618534014,0.7332000000000001,0.44051154472196885,0.6502,63.87096774193548,3837.24,31.00485810113519,0.1517932955500309,0.4584817955899282,0.4168683927733583,0.12873392724120958,-0.8121267569940566,-0.052843977407544936,-0.6558222396091364,1,45.9,Stable Local Performers,"Hold / stabilize: protect margin, selectively test growth levers before scaling"
39,Kowhai Kitchen #39,Steakhouse,Casual Dining,East Auckland,1.0147,29.79,2645,926,593,715,411,27585.54,19744.2,24085.51,12581.48,83996.73,0.2988,0.3731,0.35,17.0,2.02,830.22,9050.82,-432.4,-527.47,3297.76,11388.71,0.3501,0.345,0.4159,0.2391,0.1355851590889312,0.7608999999999999,0.5218025749335718,0.6718999999999999,22.833333333333332,2683.8815,31.756797731568998,-0.6101348767004742,-0.32072437944992144,-0.3042033219411971,-0.667018520122671,-0.8133617401476739,1.7112285909306737,-1.3614275094597068,1,40.7,Stable Local Performers,"Hold / stabilize: protect margin, selectively test growth levers before scaling"
40,Waterfront Grill #40,Italian,QSR,Ponsonby,1.0199,29.79,6100,2093,1586,1380,1041,62350.47,53062.69,46380.84,31235.56,193029.56,0.278,0.3368,0.2977,9.8,3.52,3664.32,24017.4,4642.99,4058.32,8367.62,41086.33,0.3431,0.3958,0.3444,0.2598,0.21284993863116095,0.7402,0.5151725466296457,0.6148,96.38888888888889,6221.39,31.644190163934425,1.3994024713960769,1.6054320142626186,1.6221695158103948,1.4263815265550268,-2.4820072052827364,0.6098065018737587,0.6004188552210361,4,63.3,High-Growth / High-Risk,Optimize: strong momentum but monitor cost burden; reinforce operational capacity ahead of scale
41,Ponsonby Pizza Co #41,Mexican,Bar/Pub,Devonport,0.99,33.08,2132,984,416,481,251,32550.72,15145.15,17740.26,8633.85,74069.98,0.2406,0.2623,0.2468,5.3,2.99,750.49,16180.96,3790.83,4440.39,3541.4,27953.58,0.4615,0.3624,0.419,0.2186,0.3773941885768027,0.7814,0.44397757364049506,0.5029,39.84126984126984,2110.68,34.74201688555347,-0.8463392911069185,-0.6973546848708417,-0.7209164261865235,-0.7896933762557846,-1.7834909798370426,-0.8370715630864396,-3.2399580348145043,1,52.1,Stable Local Performers,"Hold / stabilize: protect margin, selectively test growth levers before scaling"
42,Rangitoto Roast #42,Indian,QSR,Ponsonby,1.0225,30.05,4896,1369,1370,1169,988,41138.45,43604.16,39492.61,30065.07,154300.29,0.322,0.2705,0.2787,10.1,1.24,1225.12,16763.92,5616.22,5086.65,11026.4,38493.19,0.2796,0.3884,0.3314,0.2801,0.2494693302261454,0.7198,0.5385392989216028,0.5925,89.009009009009,5006.16,31.515582107843137,0.7722328949338296,1.0159537506256864,1.0438022316713653,-0.172339666861761,-2.7316977206042488,0.3379924773171571,1.0725033598945903,4,65.5,High-Growth / High-Risk,Optimize: strong momentum but monitor cost burden; reinforce operational capacity ahead of scale
43,Gecko Cafe #43,Bakery/Desserts,Bar/Pub,East Auckland,1.0328,34.57,1889,886,377,363,263,30629.02,13819.39,14324.69,9406.19,68179.29,0.23,0.2832,0.282,4.8,2.44,641.72,14910.21,2830.21,2933.7,3937.21,24611.33,0.469,0.3759,0.3619,0.2622,0.3609795584553609,0.7378,0.4127951464440302,0.5132,45.3448275862069,1950.9591999999998,36.09279512969825,-0.9939009543834367,-0.8911525303167163,-0.8468198956273687,-0.9754792131983183,-1.2489879286311714,-1.3938763775131733,-1.8678310250987027,1,63.6,Stable Local Performers,"Hold / stabilize: protect margin, selectively test growth levers before scaling"
44,Urban Burger Bar #44,Indian,QSR,South Auckland,1.0146,32.14,4353,1292,1488,923,650,41524.88,54791.33,32091.15,21130.56,149537.92,0.3107,0.3886,0.3054,5.3,2.71,1761.5,12486.53,-257.52,-150.83,4592.46,16670.64,0.2968,0.4861,0.3015,0.2123,0.11148102100122831,0.7876,0.581006342739019,0.6993,103.17460317460318,4416.5538,34.35284171835516,0.690008695406046,0.727075242159622,0.7379217681166115,0.32234737397124075,-1.657386688942457,3.1383197304225643,1.2442283487162555,4,50.6,High-Growth / High-Risk,Optimize: strong momentum but monitor cost burden; reinforce operational capacity ahead of scale
45,Golden Wok #45,Steakhouse,Bar/Pub,Devonport,0.9969,34.91,2524,979,740,468,337,34176.89,27825.09,18020.31,12662.41,92684.7,0.2824,0.3838,0.3352,5.9,2.24,754.88,11408.25,-38.96,-25.23,3471.83,14815.89,0.3879,0.479,0.3029,0.2181,0.15985259703057786,0.7819,0.49463827363092294,0.6661999999999999,48.84057971014492,2516.1756,36.721354992076066,-0.41442221545684177,-0.40610544040105645,-0.4211048867635452,-0.7826686622898903,-0.23801289983336515,1.9900683178449166,-1.0597150664308863,1,40.3,Stable Local Performers,"Hold / stabilize: protect margin, selectively test growth levers before scaling"
46,Pohutukawa Pub #46,Italian,Bar/Pub,North Shore,0.9999,39.67,1697,680,391,372,254,26975.6,16722.79,16040.27,10193.05,69931.71,0.2574,0.2299,0.2917,7.9,4.43,1125.22,13830.39,3695.74,3544.9,4100.76,25171.79,0.4007,0.3845,0.3658,0.2498,0.3599481551359176,0.7503,0.4685007702514353,0.4873,28.539325842696627,1696.8303,41.20902180318209,-0.9493714291068022,-1.0530216690559604,-1.0582284285952472,-0.28352296794179077,-0.9103199184132494,-0.8571679885581834,-2.6652116410724305,1,56.2,Stable Local Performers,"Hold / stabilize: protect margin, selectively test growth levers before scaling"
47,The Copper Pan #47,Mexican,Food Truck,West Auckland,1.0192,29.79,1149,404,196,330,219,12035.16,6374.86,11114.93,6796.39,36321.34,0.3203,0.2,0.2638,12.8,3.33,729.27,5773.27,1376.33,2399.71,2530.96,12080.27,0.3516,0.2631,0.443,0.294,0.33259428203915387,0.7061,0.4815293158237004,0.5203,15.869565217391303,1171.0608000000002,31.61126196692776,-1.932921926026995,-1.5720912905606372,-1.5529837862991636,-0.8241291388208933,-1.5992714834683017,-1.472142050791917,-1.6476115462870717,1,56.1,Stable Local Performers,"Hold / stabilize: protect margin, selectively test growth levers before scaling"
48,Westfield Wok #48,Thai,Fine Dining,Waitakere,0.99,41.98,718,392,131,120,75,16456.16,5902.13,5420.84,3198.12,30977.25,0.3409,0.4434,0.3036,11.5,4.31,323.25,3549.59,-518.8,-476.49,366.58,2920.88,0.546,0.4018,0.3681,0.2301,0.0942911330089017,0.7699,0.36552534521301927,0.7843,6.0,710.82,43.143802228412255,-2.1262284668921305,-2.0741234272720543,-2.0887994237702605,-1.728730864241714,4.063899976856414,1.946459379088896,-2.359870487246071,3,17.5,"Overextended, Low Return","Hold / stabilize: pause expansion, reduce cost burden and delivery radius before reinvesting"
49,Volcano Pizza #49,Indian,Fine Dining,Waitakere,0.9995,46.68,724,406,95,94,129,18952.08,4841.91,4943.27,6058.51,34795.77,0.3436,0.4264,0.2591,11.3,3.09,398.61,4358.98,-140.9,-143.85,994.85,5069.08,0.5608,0.2987,0.2956,0.4057,0.1456809261585532,0.5943,0.28121751580723753,0.77,10.48780487804878,723.638,48.060455801104965,-1.9865938418217717,-2.066252253084756,-2.071849684086933,-1.5085917739306094,6.1532145526713204,-2.0638909871425493,-0.08829293713098828,3,24.0,"Overextended, Low Return","Hold / stabilize: pause expansion, reduce cost burden and delivery radius before reinvesting"
50,Tui Table #50,Burgers,Casual Dining,North Shore,1.0001,32.63,3104,1015,640,706,743,33119.45,22474.58,25891.41,24636.47,106121.91,0.2907,0.3138,0.249,5.7,2.89,2147.27,13098.74,3292.53,3793.09,7596.45,27780.81,0.327,0.3064,0.338,0.3557,0.2617820391660874,0.6444000000000001,0.4557587589593893,0.6045,110.8955223880597,3104.3104,34.188759664948456,-0.12865793617465293,-0.012938697233432942,-0.026203664614641985,0.6063525117358411,-0.7334961922758004,-1.9604399822486593,1.3562218247997093,0,56.6,Scalable Self-Delivery Leaders,"Optimize: invest in expansion capacity, replicate channel mix in new sites"
51,Rangitoto Roast #51,Chinese,Fine Dining,Manukau,1.0247,46.36,866,441,105,129,191,20444.76,5488.31,6847.87,8893.56,41674.5,0.3805,0.5472,0.2272,7.6,1.77,338.07,1478.16,-850.14,-1060.74,304.93,-127.79,0.5092,0.2471,0.3035,0.4494,-0.003066383519898259,0.5506,0.2960126696181118,0.9277,22.209302325581397,887.3901999999999,48.1229792147806,-1.752829050475249,-1.888427872656292,-1.8671920229531276,-1.6823570014631724,7.789106810897908,-0.9615780312675041,2.916924497900947,3,20.6,"Overextended, Low Return","Hold / stabilize: pause expansion, reduce cost burden and delivery radius before reinvesting"
52,Blue Wave Sushi #52,Mexican,QSR,South Auckland,1.0094,32.36,6793,2275,1724,1406,1388,73619.0,63497.33,47880.43,45416.57,230413.33,0.277,0.3156,0.233,10.5,2.81,3900.28,29992.38,11073.93,8350.35,14602.43,64019.09,0.3349,0.3816,0.3112,0.3072,0.2778445587327782,0.6928,0.483382450138627,0.5926,120.69565217391305,6856.854200000001,33.91923008979832,1.9484396874045227,1.919120327094558,1.9021699929647615,1.5274806482971972,-2.225846398399545,-0.9193910311893776,1.2405371436677741,4,67.1,High-Growth / High-Risk,Optimize: strong momentum but monitor cost burden; reinforce operational capacity ahead of scale
53,Urban Burger Bar #53,Burgers,Casual Dining,Manukau,1.031,37.48,2097,761,655,349,332,28522.28,28015.15,14548.82,12934.61,84020.86,0.3305,0.4037,0.2531,7.3,2.81,932.92,7581.22,355.79,184.77,2505.1,10626.88,0.3629,0.4903,0.2612,0.2485,0.12647906722211602,0.7515000000000001,0.5065881258535083,0.7342,40.0,2162.0069999999996,40.06717215069146,-0.6095779049343902,-0.7245804180855941,-0.6814703526726775,-0.5224431117708567,0.8695811555948584,2.3651491925105446,0.8574610291424273,2,45.5,Aggregator-Dependent Low Margin,"Rebalance channels: shift volume toward in-store/self-delivery, renegotiate commission exposure"
54,Fenwick's Bistro #54,Korean BBQ,Casual Dining,Newmarket,0.99,43.56,2811,1123,587,513,588,48917.88,27956.87,24992.07,26948.89,128815.71,0.3179,0.3454,0.2447,8.5,1.3,764.4,16470.65,2572.03,2299.27,8309.29,29651.24,0.3995,0.3477,0.3039,0.3483,0.2301834147403294,0.6516,0.4110441187647066,0.6633,61.89473684210526,2782.89,45.825581643543224,0.3162927114576757,-0.20662086037116903,-0.2368901653031595,-0.767548875178355,2.1871982556624716,-1.1128012596967938,0.4188281440516534,2,43.7,Aggregator-Dependent Low Margin,"Rebalance channels: shift volume toward in-store/self-delivery, renegotiate commission exposure"
55,Fenwick's Bistro #55,Steakhouse,Bar/Pub,Auckland CBD,1.0108,33.82,2155,1015,380,549,211,34327.3,13847.33,21198.45,7185.88,76558.96,0.2284,0.3761,0.2894,11.0,2.21,466.31,13576.45,1469.2,2249.16,2375.71,19670.52,0.471,0.3333,0.4816,0.1851,0.25693295729200083,0.8149,0.45776196541854797,0.6045,17.583333333333332,2178.274,35.52619953596288,-0.7857259879941958,-0.6795816092649039,-0.6690661853105088,-1.3381201967515826,-0.7273047659252523,1.0878233100284034,-3.49399124771815,1,41.6,Stable Local Performers,"Hold / stabilize: protect margin, selectively test growth levers before scaling"
56,Harbor Bites #56,Sushi,Cafe,Newmarket,1.0098,38.21,3213,1512,688,556,457,57773.52,29224.41,24174.36,18078.05,129250.34,0.2617,0.331,0.244,8.3,2.44,1115.08,23531.15,4772.35,3947.67,6248.11,38499.28,0.4706,0.4045,0.3269,0.2687,0.29786598627129335,0.7314,0.4131422014054277,0.5927,49.13978494623655,3244.4874,40.22730781201369,0.3244217932276095,0.05682945470847585,0.06226649062143107,-0.2952534605178843,0.016438844731721705,-0.6394232402864507,-1.30793779399337,1,53.1,Stable Local Performers,"Hold / stabilize: protect margin, selectively test growth levers before scaling"
57,Silver Fern Diner #57,Indian,Cafe,East Auckland,0.992,30.21,4132,1772,855,893,612,53532.12,29161.1,29528.48,19348.23,131569.93,0.3215,0.3358,0.2,10.3,3.25,1989.0,18345.46,4161.29,4213.71,4641.64,31362.1,0.4288,0.3623,0.3784,0.2593,0.2383682958560516,0.7407,0.44607137816368836,0.6573,54.159292035398224,4098.944,31.841706195546948,0.3675813701869012,0.6045114678370627,0.5646923793430931,0.49532137800272147,-0.7845136831482069,0.10402023447035931,-0.6593575482132257,1,45.9,Stable Local Performers,"Hold / stabilize: protect margin, selectively test growth levers before scaling"
58,Ponsonby Pizza Co #58,Steakhouse,Casual Dining,Devonport,1.0087,33.53,3371,1101,932,549,789,36916.53,34162.07,20162.06,26950.89,118191.55,0.326,0.4106,0.2487,15.1,3.31,2611.59,9723.81,502.18,296.38,4487.27,15009.64,0.3266,0.4106,0.2419,0.3476,0.1269941886708483,0.6525000000000001,0.4596278667975841,0.7366,49.00621118012422,3400.3277,35.061272619400775,0.11322655153630297,0.15595014082005637,0.15841824199370094,0.8974327071017082,0.9148193191270289,-0.10109104350783026,1.5959311150358002,2,40.5,Aggregator-Dependent Low Margin,"Rebalance channels: shift volume toward in-store/self-delivery, renegotiate commission exposure"
59,Rangitoto Roast #59,Indian,QSR,East Auckland,1.0302,32.24,6555,1851,1940,1384,1380,59676.24,69488.01,46482.96,45815.54,221462.75,0.2697,0.2186,0.2658,8.9,2.16,2980.8,30536.33,17087.1,11430.16,20463.01,79516.6,0.2824,0.4124,0.2942,0.2934,0.3590518044230915,0.7066,0.5236590352102103,0.48829999999999996,139.39393939393938,6752.961,33.785316552250194,1.8212234002562833,1.8132227931811173,1.857303592215525,1.1000499311457042,-4.077817145099716,-1.158704838584032,1.3106181609947463,4,83.5,High-Growth / High-Risk,Optimize: strong momentum but monitor cost burden; reinforce operational capacity ahead of scale
60,Volcano Pizza #60,Pizza,QSR,South Auckland,1.0071,29.79,4270,1313,1138,1144,675,39114.27,37883.2,39080.8,20223.81,136302.08,0.3092,0.3799,0.2618,13.6,3.32,2241.0,12160.63,1860.07,1918.87,4046.58,19986.15,0.3075,0.3848,0.3869,0.2283,0.14663129131998576,0.7717,0.5646575606182973,0.6891,46.23287671232877,4300.317,31.92086182669789,0.45448897153210743,0.6814072656677455,0.6752667732311539,0.6689916470898731,-1.5227243837838218,2.191128433140404,-0.1489338980622358,4,45.5,High-Growth / High-Risk,Optimize: strong momentum but monitor cost burden; reinforce operational capacity ahead of scale
61,The Brass Fork #61,Seafood,Cafe,Devonport,0.99,29.79,2802,1202,657,533,410,35807.58,21684.46,16722.03,12428.99,86643.06,0.2756,0.3591,0.3256,11.5,2.6,1066.0,13080.51,860.87,663.86,3474.31,18079.55,0.429,0.4106,0.3331,0.2562,0.20866702999640133,0.7437,0.443272548314891,0.6347,32.8,2773.98,30.92186295503212,-0.5495120784511613,-0.21272181032777182,-0.24289852615533544,-0.3532938345292752,-0.6802311476678934,0.1742037986873337,-1.815004713241413,1,40.5,Stable Local Performers,"Hold / stabilize: protect margin, selectively test growth levers before scaling"
62,Rangitoto Roast #62,Bar & Grill,Cafe,Waitakere,1.0047,32.39,3736,1627,1042,628,439,52698.53,37699.09,22664.17,14750.16,127811.95,0.3836,0.414,0.2616,4.4,0.89,390.71,10666.18,-2231.79,-1341.72,2594.72,9687.39,0.4355,0.4941,0.2978,0.2082,0.07579408654668049,0.7919,0.4722818171540298,0.7976,81.29629629629629,3753.5591999999997,34.2109073875803,0.2974674004773404,0.376635573369505,0.36854890572509025,-1.5299917836254209,0.4975532645615363,3.4105941017657724,0.9125345617456639,2,35.2,Aggregator-Dependent Low Margin,"Rebalance channels: shift volume toward in-store/self-delivery, renegotiate commission exposure"
63,Urban Burger Bar #63,Pizza,QSR,North Shore,0.9985,33.94,4535,1205,1310,1061,959,40897.7,46556.59,40455.94,35127.45,163037.68,0.3086,0.2462,0.3064,5.6,2.27,2176.93,18207.66,6462.05,5615.28,13461.81,43746.8,0.2657,0.3934,0.3186,0.288,0.2683232489569283,0.712,0.5336958303135815,0.5548,145.3030303030303,4528.1975,35.950976846747515,0.91991614924465,0.8257560335150388,0.7973330551359461,0.626411532104836,-2.5124262240462647,-0.17029073500561592,1.2345258910559729,4,65.5,High-Growth / High-Risk,Optimize: strong momentum but monitor cost burden; reinforce operational capacity ahead of scale
64,Pohutukawa Pub #64,Indian,Cafe,Devonport,0.9999,29.79,3878,1619,1158,588,513,48230.01,37421.76,18871.56,16500.29,121023.62,0.2686,0.3038,0.2794,6.6,3.99,2046.87,20623.15,5545.9,2796.77,5008.65,33974.47,0.4175,0.5126,0.2603,0.2271,0.2807259442412977,0.7728999999999999,0.4651432505489425,0.5724,67.5,3877.6122,31.20774110366168,0.16820342112636147,0.4596405234973329,0.43999283693351626,0.5367287370257569,-2.3191586962562463,0.2665428288559141,-1.1348237227993008,4,53.9,High-Growth / High-Risk,Optimize: strong momentum but monitor cost burden; reinforce operational capacity ahead of scale
65,Nikau Noodle House #65,Cafe/Brunch,Cafe,Devonport,1.0038,34.46,3549,1597,730,694,528,55032.62,27582.7,25050.14,19620.81,127286.27,0.3226,0.2919,0.2787,6.5,0.95,501.6,21215.08,2945.83,2675.35,7062.22,33898.48,0.45,0.374,0.3555,0.2705,0.26631686198362164,0.7295,0.41349974353086155,0.6145,70.4,3562.4862000000003,35.865390250774865,0.2875794650734953,0.2649499419550329,0.25616821652458566,-1.257140425428157,-0.4213294921076143,-0.2667728974549598,-0.6244080953587883,1,52.2,Stable Local Performers,"Hold / stabilize: protect margin, selectively test growth levers before scaling"
66,Ocean & Vine #66,Seafood,Cafe,South Auckland,0.99,35.05,3469,1435,631,465,938,50296.75,22566.01,17024.58,33989.68,123877.02,0.2248,0.3625,0.2549,9.2,2.92,2738.96,20757.47,3560.92,2686.48,11288.58,38293.45,0.4137,0.3102,0.2286,0.4612,0.30912472708820404,0.5388,0.3195959185973314,0.5872999999999999,91.9607843137255,3434.31,35.70972038051312,0.22296024050198177,0.2162980657710655,0.1790918478545862,0.9698328392098172,0.9255562566738434,-5.28019320473369,1.1483891087897222,0,51.1,Scalable Self-Delivery Leaders,"Optimize: invest in expansion capacity, replicate channel mix in new sites"
67,The Brass Fork #67,Bar & Grill,Cafe,Newmarket,0.99,36.03,4030,1501,1123,750,656,54081.03,45773.3,30571.76,23788.23,154214.32,0.2828,0.3533,0.2782,11.7,4.54,2978.24,19680.09,3922.77,2620.0,5678.3,31901.16,0.3725,0.444,0.2966,0.2594,0.2068625014849464,0.7405999999999999,0.49505817617974773,0.6361,51.653543307086615,3989.7,38.26658064516129,0.7707597039687379,0.5468699762696796,0.5035739972218257,1.0987174720733208,-0.440677895164573,0.680583338099009,-0.7281890597218591,1,45.8,Stable Local Performers,"Hold / stabilize: protect margin, selectively test growth levers before scaling"
68,Little Saigon #68,Bar & Grill,Casual Dining,Waitakere,1.0132,39.85,2967,1183,829,568,387,47142.55,36316.2,24590.41,15821.16,123870.32,0.3798,0.3568,0.257,13.9,1.96,758.52,12417.35,232.42,157.38,3408.77,16215.92,0.3987,0.4647,0.3184,0.2169,0.13091045538592294,0.7831,0.4916965581424186,0.7366,25.973154362416107,3006.1644,41.749349511290866,0.22283239571518154,-0.10234050968945771,-0.08933524601581766,-0.7768692981300362,1.142355012723189,2.9943550128859995,-0.40719276963972245,2,36.3,Aggregator-Dependent Low Margin,"Rebalance channels: shift volume toward in-store/self-delivery, renegotiate commission exposure"
69,Golden Wok #69,Bakery/Desserts,QSR,South Auckland,1.0042,36.77,3738,1067,1065,716,890,39233.59,40600.66,27162.36,33347.64,140344.25,0.2965,0.2493,0.2851,10.6,2.8,2492.0,17819.9,6865.57,4593.16,12654.5,41933.13,0.2854,0.3987,0.2681,0.3332,0.29878765962980314,0.6668000000000001,0.4828343163328744,0.5458,76.72413793103449,3753.6996,37.545278223649014,0.5275603915244221,0.3778152006870622,0.3686304227146063,0.8267809583406391,-1.3336263348019701,-1.4540175489376344,0.5755941932508207,4,61.4,High-Growth / High-Risk,Optimize: strong momentum but monitor cost burden; reinforce operational capacity ahead of scale
70,Fenwick's Bistro #70,Vegan/Plant-Based,Bar/Pub,Auckland CBD,0.99,29.79,1589,731,270,312,276,21776.49,9057.77,10346.73,8231.33,49412.32,0.208,0.2767,0.2729,7.9,1.37,378.12,11221.43,2195.6,2508.05,3863.48,19788.56,0.46,0.3147,0.3636,0.3217,0.40047826129192077,0.6782999999999999,0.3927057057834969,0.4847,31.01123595505618,1573.11,31.09648835745752,-1.5115000876303346,-1.1480009448153397,-1.1668569407623153,-1.5648365448462558,-1.3515084827661126,-3.500293644091642,-2.7186697400890987,1,53.4,Stable Local Performers,"Hold / stabilize: protect margin, selectively test growth levers before scaling"
71,Tui Table #71,Indian,Bar/Pub,Waitakere,1.0138,34.89,2366,1225,318,256,567,42740.25,12351.17,9400.96,19933.35,84425.73,0.2481,0.3376,0.2517,3.0,4.59,2602.53,17707.29,2008.3,1528.6,5655.86,26900.05,0.5178,0.2787,0.2244,0.4969,0.31862383659578664,0.5031,0.2576481127258242,0.5857,141.75,2398.6508,35.68289518174134,-0.6002443105727182,-0.5206488273298199,-0.50535365997456,0.8921737518320342,1.6652224977441812,-6.443612426058262,2.3329556525164086,0,55.9,Scalable Self-Delivery Leaders,"Optimize: invest in expansion capacity, replicate channel mix in new sites"
72,Blue Wave Sushi #72,Pizza,Cafe,West Auckland,1.0091,29.79,3402,1288,901,818,395,38369.52,30023.54,27631.89,12193.67,108218.62,0.3236,0.3267,0.3098,9.7,2.71,1070.45,13417.82,1197.94,1102.51,3193.68,18911.95,0.3786,0.4262,0.3869,0.1868,0.17475689488555668,0.8131,0.5327681132877133,0.6503,36.91588785046729,3432.9582000000005,31.810293944738387,-0.08570576946941798,0.1751309130727056,0.17827141036157257,-0.34794253196044983,-1.6982148208240404,2.5682023288424807,-1.3014910788743463,1,43.0,Stable Local Performers,"Hold / stabilize: protect margin, selectively test growth levers before scaling"
73,The Copper Pan #73,Seafood,Cafe,Devonport,0.9943,31.42,2894,1119,695,479,601,35158.98,23386.57,15956.87,19396.54,93898.96,0.2913,0.3157,0.2928,9.6,2.85,1712.85,13817.48,2343.33,1598.88,5909.99,23669.68,0.3867,0.3915,0.2699,0.3386,0.2520760613323087,0.6614,0.4189976119011329,0.607,56.69811320754717,2877.5042,32.44608154803041,-0.38779791070757885,-0.15079793958433316,-0.173669121175509,0.2830081876872295,-0.4139131992525673,-1.7404655530442161,-0.07071536015302955,0,48.2,Scalable Self-Delivery Leaders,"Optimize: invest in expansion capacity, replicate channel mix in new sites"
74,Spice Route #74,Korean BBQ,Casual Dining,Manukau,0.99,36.0,2448,1093,461,429,465,39348.0,18770.84,16154.97,16981.53,91255.34,0.2948,0.4574,0.2666,10.1,4.29,1994.85,9750.43,-352.89,-303.71,2213.17,11307.0,0.4465,0.3402,0.3166,0.3432,0.12390507777407876,0.6568,0.3827262053924735,0.7522,41.891891891891895,2423.52,37.27750816993464,-0.44598293154076063,-0.4607534518553569,-0.4873575725925427,0.4995515510603339,2.5687311409471523,-0.7063737015619603,0.22265340362736827,2,31.0,Aggregator-Dependent Low Margin,"Rebalance channels: shift volume toward in-store/self-delivery, renegotiate commission exposure"
75,Volcano Pizza #75,Bakery/Desserts,Bar/Pub,East Auckland,1.0145,35.42,2577,1026,401,411,739,36340.92,15251.97,15009.37,27674.92,94277.18,0.2394,0.3359,0.2844,16.9,3.53,2608.67,15433.99,2139.85,2105.81,9144.87,28824.52,0.3981,0.2585,0.265,0.4765,0.3057422803694383,0.5235000000000001,0.3209826598546966,0.5752999999999999,41.28491620111732,2614.3665,36.58408226620101,-0.37953943498237563,-0.3684676600841022,-0.352205652474284,0.8957393970249317,1.309584280185144,-5.462023176625477,0.5560937138205404,0,52.4,Scalable Self-Delivery Leaders,"Optimize: invest in expansion capacity, replicate channel mix in new sites"
76,Fenwick's Bistro #76,Cafe/Brunch,Casual Dining,North Shore,1.0112,44.59,3144,1304,723,598,519,58145.36,35274.35,28971.3,23803.37,146194.38,0.3032,0.4435,0.2775,13.8,1.84,954.96,14728.22,-853.64,-701.11,5074.43,18247.9,0.4148,0.3929,0.325,0.2821,0.12481943560347532,0.7179,0.4394536233198567,0.7467,35.067567567567565,3179.2128000000002,46.49948473282443,0.6315117630205831,0.012800529667168636,0.02131125257564389,-0.4931232472754829,2.6540464644818136,1.379333635620631,-0.1502576642234934,2,37.6,Aggregator-Dependent Low Margin,"Rebalance channels: shift volume toward in-store/self-delivery, renegotiate commission exposure"
77,Ocean & Vine #77,Cafe/Brunch,Fine Dining,Devonport,1.0327,44.41,964,516,138,142,168,22915.56,6251.66,6801.86,7969.33,43938.41,0.3608,0.4233,0.254,12.2,2.09,351.12,4947.47,-238.19,-259.15,1369.46,5819.59,0.5353,0.308,0.317,0.375,0.13244880731915423,0.625,0.2970867630394454,0.7841,12.727272727272728,995.5228,45.579263485477185,-1.6801017389314579,-1.7738729059076663,-1.74223747595725,-1.6428731610783849,5.252205724430483,-1.023883718702585,0.5144748848140782,3,32.3,"Overextended, Low Return","Hold / stabilize: pause expansion, reduce cost burden and delivery radius before reinvesting"
78,Cafe Aroha #78,Burgers,Casual Dining,North Shore,1.0123,39.45,2451,847,587,433,584,33414.15,25561.64,19091.88,23482.95,101550.62,0.3601,0.3922,0.2821,6.1,3.34,1950.56,8276.68,-879.32,-656.76,3866.17,10606.77,0.3456,0.366,0.27,0.3641,0.10444810676685184,0.636,0.43971686238843255,0.7523,82.25352112676057,2481.1473,41.432321501427985,-0.22376956531810707,-0.4585807929588836,-0.4460065776545226,0.46726964458495923,2.382962045268122,-0.011691112539645665,2.598642683134092,2,42.6,Aggregator-Dependent Low Margin,"Rebalance channels: shift volume toward in-store/self-delivery, renegotiate commission exposure"
79,Silver Fern Diner #79,Sushi,Casual Dining,East Auckland,1.0118,37.19,2269,890,522,493,364,33099.1,21613.91,19808.75,14120.23,88641.99,0.3516,0.3772,0.2614,7.7,2.11,768.04,8976.48,211.82,194.13,3061.37,12443.8,0.3922,0.3785,0.3575,0.264,0.14038267868309362,0.736,0.4673029114080133,0.7288,41.839080459770116,2295.7742000000003,39.06654473336272,-0.5043195933260122,-0.5928187165838051,-0.5808033539185357,-0.7618083604861342,1.2822520047796397,1.5903060149574884,0.23783569016277606,2,40.8,Aggregator-Dependent Low Margin,"Rebalance channels: shift volume toward in-store/self-delivery, renegotiate commission exposure"
80,Volcano Pizza #80,Steakhouse,QSR,Ponsonby,1.0095,32.26,5318,1749,1515,1202,852,56422.74,53454.57,41285.21,27890.41,179052.93,0.3137,0.2151,0.2517,9.2,0.89,758.28,26586.4,11733.28,9062.1,12383.68,59765.46,0.3289,0.4245,0.3368,0.2387,0.33378655127285545,0.7613,0.5291160552357339,0.5287999999999999,83.52941176470588,5368.521000000001,33.669223392252725,1.1808740649002865,1.2298419128919569,1.2229407462027724,-0.7772509738786922,-3.30748181512754,0.2854146960609493,-0.3466690508324893,4,67.5,High-Growth / High-Risk,Optimize: strong momentum but monitor cost burden; reinforce operational capacity ahead of scale
81,Hibiscus Grill #81,Steakhouse,Casual Dining,Newmarket,1.0183,38.02,2353,878,595,482,398,33381.56,24534.64,19315.5,15731.55,92963.25,0.2801,0.4514,0.2313,6.8,2.74,1090.52,8962.95,912.69,718.54,3133.4,13727.58,0.3731,0.4034,0.3268,0.2698,0.14766673927600424,0.7302,0.47169327664426536,0.7315,51.02564102564103,2396.0598999999997,39.5083935401615,-0.40829958751182205,-0.5302365302867779,-0.5072338391464695,-0.3240307989891676,1.1642271736494982,1.2796903188164122,0.5075178060248472,2,44.3,Aggregator-Dependent Low Margin,"Rebalance channels: shift volume toward in-store/self-delivery, renegotiate commission exposure"
82,The Copper Pan #82,Chinese,QSR,Newmarket,1.0214,33.57,5515,2036,1217,1161,1101,68348.52,45973.45,41163.56,37411.39,192896.92,0.2602,0.2932,0.2692,11.3,1.17,1288.17,30524.45,8155.69,7302.42,15419.76,61402.32,0.3692,0.3498,0.3337,0.3165,0.3183167465815421,0.6835,0.4517283635218229,0.5534,89.51219512195121,5633.021000000001,34.97677606527652,1.3973657636654508,1.3268589310271053,1.3499284402095744,-0.10592378080025615,-1.923722478160776,-1.607499655549061,0.26948758060926986,4,68.0,High-Growth / High-Risk,Optimize: strong momentum but monitor cost burden; reinforce operational capacity ahead of scale
83,Ponsonby Pizza Co #83,Indian,Casual Dining,Newmarket,1.0248,42.08,2947,943,703,793,508,39681.44,32794.23,38061.86,21652.96,132190.49,0.336,0.4173,0.297,10.7,4.58,2326.64,9789.41,-1649.55,-1914.51,3015.15,9240.5,0.32,0.3508,0.3957,0.2535,0.06990291056489768,0.7464999999999999,0.53601503406183,0.7533000000000001,43.41880341880342,3020.0856,44.8559518154055,0.37906448202345105,-0.11555833265070219,-0.08031879116698766,0.7243810561229436,1.6572646109885325,2.8403384655829007,0.7817710529393166,2,42.8,Aggregator-Dependent Low Margin,"Rebalance channels: shift volume toward in-store/self-delivery, renegotiate commission exposure"
84,Kiwi Kitchen Co #84,Mexican,Bar/Pub,Manukau,0.9942,41.77,1618,768,304,346,200,32079.36,13411.07,15051.62,8763.16,69305.21,0.2196,0.3024,0.2592,5.7,2.99,598.0,15333.93,2934.34,3293.29,3590.79,25152.35,0.4747,0.3576,0.4071,0.2353,0.36292148887507875,0.7646999999999999,0.41068615187804786,0.522,29.850746268656717,1608.6155999999999,42.833875154511745,-0.9652274836911098,-1.1221970147912446,-1.135260648093003,-1.0574677567675117,0.09830349392020496,-0.9269517438137963,-3.35986396415292,1,50.6,Stable Local Performers,"Hold / stabilize: protect margin, selectively test growth levers before scaling"
85,Waterfront Grill #85,Thai,QSR,West Auckland,1.0055,33.08,3663,1329,904,632,798,43963.32,34230.86,24010.41,26954.91,129159.5,0.2932,0.2918,0.35,13.7,1.8,1436.4,18244.78,2225.01,1560.68,9749.89,31780.36,0.3628,0.3873,0.2708,0.3419,0.2460551488663242,0.6580999999999999,0.4509251739128752,0.585,54.28571428571429,3683.1465000000003,35.26057876057876,0.32272388045077743,0.3333670933305493,0.32747395682897246,0.04034777528364842,-0.6926899409809083,-1.447502353225328,-0.08328198862338103,0,52.6,Scalable Self-Delivery Leaders,"Optimize: invest in expansion capacity, replicate channel mix in new sites"
86,Gecko Cafe #86,Mexican,Casual Dining,Ponsonby,0.9988,40.06,2149,735,446,490,478,29444.1,19866.85,20856.23,19412.73,89579.91,0.3291,0.3367,0.3066,9.9,2.03,970.34,9840.22,548.33,575.63,5517.39,16481.57,0.342,0.3154,0.3465,0.338,0.1839873471629967,0.6618999999999999,0.4546005906904796,0.6658,43.85321100917431,2146.4212,41.684462540716616,-0.4832870430273185,-0.6842091406857751,-0.6933987036373713,-0.47298863414020764,1.5889866699173887,-0.43457754347704547,0.302889566173334,2,42.8,Aggregator-Dependent Low Margin,"Rebalance channels: shift volume toward in-store/self-delivery, renegotiate commission exposure"
87,Golden Wok #87,Bakery/Desserts,QSR,Ponsonby,1.0239,29.79,6584,2169,2014,1365,1036,64614.51,68902.55,41943.87,33158.03,208618.96,0.2659,0.3618,0.3191,3.4,0.89,922.04,24055.98,3665.62,2231.41,11422.69,41375.7,0.3294,0.4562,0.3092,0.2347,0.1983314460008812,0.7654,0.5313343523522503,0.6277,235.45454545454544,6741.3576,31.685747266099636,1.634183543964617,1.8262251519443233,1.8522713921455667,-0.5371256912568935,-3.494747446254922,1.387103042317528,2.40063019106503,4,71.9,High-Growth / High-Risk,Optimize: strong momentum but monitor cost burden; reinforce operational capacity ahead of scale
88,Ocean & Vine #88,Indian,Casual Dining,Newmarket,1.0285,37.69,2909,1063,520,443,883,40064.47,22465.4,17570.4,33394.76,113495.03,0.2893,0.3956,0.3039,9.3,1.59,1403.97,12624.31,251.61,196.79,9118.72,22191.43,0.3654,0.2817,0.24,0.4783,0.19552776892521198,0.5217,0.35275377256607626,0.6849000000000001,85.72815533980582,2991.9065,39.0151357854933,0.020613158583537176,-0.1407928697815854,-0.09859133148827394,0.009436915850141137,2.284228194413513,-3.6969107348076617,3.053002468863229,0,52.4,Scalable Self-Delivery Leaders,"Optimize: invest in expansion capacity, replicate channel mix in new sites"
89,Tui Table #89,Cafe/Brunch,QSR,Waitakere,1.0051,35.29,4198,1435,1142,969,652,50641.15,45921.51,35139.61,24049.36,155751.63,0.2972,0.3184,0.3356,10.5,3.92,2555.84,19466.46,2240.97,1714.81,6688.73,30110.97,0.3418,0.4133,0.3507,0.236,0.19332683709313347,0.764,0.5204511824370633,0.6156,56.69565217391305,4219.4098,37.10138875655074,0.7970427559480245,0.6414409598337176,0.6311567401054957,0.8648326700585425,-1.2051540515633639,1.4135338192976399,-0.687438662970288,1,51.2,Stable Local Performers,"Hold / stabilize: protect margin, selectively test growth levers before scaling"
90,Kiwi Kitchen Co #90,Bakery/Desserts,Bar/Pub,North Shore,0.9956,39.03,2703,1231,494,564,414,48045.93,21559.78,24713.99,16867.15,111186.85,0.2751,0.4079,0.2564,12.9,5.25,2173.5,15230.56,1306.52,1497.67,3173.39,21208.14,0.4554,0.3356,0.3832,0.2812,0.19074323987054223,0.7188,0.41618024073890036,0.683,29.784172661870503,2691.1068,41.13460969293378,-0.02559156506448536,-0.2804715418054901,-0.29924968954027337,0.6241032797596267,1.6818227283844214,-0.03504657658764567,-1.3709151995470494,2,37.2,Aggregator-Dependent Low Margin,"Rebalance channels: shift volume toward in-store/self-delivery, renegotiate commission exposure"
91,The Copper Pan #91,Seafood,QSR,Manukau,1.0167,32.74,5192,1642,1114,1340,1096,53759.08,40091.36,47672.28,36602.45,178125.17,0.3318,0.3578,0.2032,8.3,3.6,3945.6,16686.82,4297.79,5110.47,7415.8,33510.88,0.3163,0.3138,0.3775,0.3087,0.18813107659069178,0.6913,0.4927076841526663,0.6896,117.84946236559139,5278.7064,34.30762134052389,1.166077212544589,1.16687209673321,1.1791150091972271,1.5463236218572676,-0.8293407155413527,0.14998361746990793,2.278662671797777,4,58.3,High-Growth / High-Risk,Optimize: strong momentum but monitor cost burden; reinforce operational capacity ahead of scale
92,Kiwi Kitchen Co #92,Indian,Food Truck,East Auckland,1.0063,33.1,1488,503,374,231,380,16649.3,12904.07,8133.98,13033.6,50720.95,0.3082,0.2883,0.2666,12.4,2.7,1026.0,6717.99,1766.57,1113.54,4233.06,13831.16,0.338,0.3797,0.2345,0.3858,0.2726912646549404,0.6142,0.4147802830980098,0.5965,28.35820895522388,1497.3744,34.08665994623656,-1.4725706975782749,-1.2397059039508511,-1.235461337393258,-0.4022322581463018,0.29217897886175154,-2.6470915805950246,0.3433927879464662,0,47.7,Scalable Self-Delivery Leaders,"Optimize: invest in expansion capacity, replicate channel mix in new sites"
93,Manuka Street Food #93,Seafood,Fine Dining,Ponsonby,1.0113,46.72,1148,631,159,184,174,29480.32,8101.77,9508.28,8186.34,55276.71,0.3522,0.3789,0.2967,10.2,2.32,403.68,7927.26,-225.23,-264.33,1797.63,9235.33,0.5497,0.3075,0.3559,0.3366,0.1670745237913038,0.6634,0.3185799227197133,0.7311000000000001,15.535714285714286,1160.9724,48.15044425087108,-1.3407466468338538,-1.5731376850866419,-1.5634611513479764,-1.4950392265978143,4.799908127509028,-0.6454786680725065,-0.7939125189924833,3,31.7,"Overextended, Low Return","Hold / stabilize: pause expansion, reduce cost burden and delivery radius before reinvesting"
94,Little Saigon #94,Italian,Casual Dining,South Auckland,0.99,42.2,1894,695,499,401,299,29329.0,23574.18,18647.99,13345.87,84897.04,0.2976,0.3452,0.2845,4.9,1.75,523.25,10476.32,1713.84,1355.71,4243.89,17789.76,0.3669,0.4162,0.3344,0.2494,0.20954511488268612,0.7505999999999999,0.49733382930665193,0.6428,50.67796610169491,1875.06,44.82420274551214,-0.5894066465047686,-0.8870467339648305,-0.9084454102354802,-1.2097325964451857,0.9326491271674958,1.2245075178179925,-0.8725674906915719,2,43.7,Aggregator-Dependent Low Margin,"Rebalance channels: shift volume toward in-store/self-delivery, renegotiate commission exposure"
95,Westfield Wok #95,Korean BBQ,Fine Dining,South Auckland,0.99,46.01,739,391,157,82,109,17989.91,7857.16,4309.25,5104.04,35260.36,0.3179,0.3998,0.2883,4.5,5.07,552.63,5078.55,-47.14,-25.86,888.24,5893.79,0.5291,0.4511,0.2356,0.3132,0.1671505906349226,0.6867,0.3450449740161473,0.7177,19.818181818181817,731.61,47.71361299052774,-1.9701288129859456,-2.0467117546237596,-2.061383175618582,-1.1478924994035198,4.3840683879271065,-0.2847564621639013,-0.8955932443780436,3,28.3,"Overextended, Low Return","Hold / stabilize: pause expansion, reduce cost burden and delivery radius before reinvesting"
96,Kowhai Kitchen #96,Cafe/Brunch,Fine Dining,Auckland CBD,0.99,43.76,937,534,152,126,125,23367.84,7535.31,6313.06,5554.63,42770.84,0.3347,0.4864,0.3196,13.4,2.59,323.75,4180.51,-1060.22,-888.25,669.97,2902.01,0.5699,0.3772,0.3127,0.3102,0.06785019887381216,0.6899,0.3237806412032123,0.8210999999999999,8.680555555555555,927.63,45.64657417289221,-1.7173739569479507,-1.8048459651996944,-1.819852036380655,-1.7271383474080435,5.492396632715948,0.6093406329342804,-1.3451602805772296,3,15.0,"Overextended, Low Return","Hold / stabilize: pause expansion, reduce cost burden and delivery radius before reinvesting"
97,Southern Smoke BBQ #97,Bakery/Desserts,Bar/Pub,Ponsonby,0.99,37.18,1780,813,288,285,394,30227.34,11074.64,11745.88,15017.93,68065.79,0.2723,0.3485,0.2915,13.7,5.13,2021.22,11462.21,971.25,1030.11,3673.58,17137.15,0.4567,0.2978,0.2947,0.4074,0.25177332107656436,0.5925,0.3352715071697544,0.6208,26.802721088435376,1762.2,38.23920786516854,-0.9968042605096737,-0.982009228464072,-1.0024226742986078,0.5184950676055534,2.197649477182721,-3.619832719524065,-0.6861034118566075,0,38.6,Scalable Self-Delivery Leaders,"Optimize: invest in expansion capacity, replicate channel mix in new sites"
98,Volcano Pizza #98,Bakery/Desserts,QSR,Devonport,0.9975,29.79,5746,1929,1599,1275,943,57464.91,50945.85,42780.02,30119.92,181310.7,0.3101,0.2305,0.304,10.6,4.33,4083.19,26399.38,7916.99,6648.02,9753.9,50718.29,0.3357,0.4189,0.334,0.2471,0.27973136720557584,0.7529,0.5169351284838677,0.5406,81.29310344827586,5731.635,31.554246432300733,1.2167270220805448,1.4384986034868046,1.3965117753291292,1.6024673079073872,-3.16387298196072,0.1651478126991137,-0.5172956608576093,4,62.0,High-Growth / High-Risk,Optimize: strong momentum but monitor cost burden; reinforce operational capacity ahead of scale
99,Arataki Eatery #99,Sushi,Casual Dining,Auckland CBD,0.9923,39.34,2137,740,449,372,576,29111.6,19178.77,16434.74,24103.66,88828.77,0.257,0.3706,0.2518,14.7,0.89,512.64,10841.16,2312.96,1982.03,8463.56,23599.71,0.3463,0.3214,0.2663,0.4123,0.26567642442870704,0.5877,0.4009231468588386,0.6275999999999999,36.68789808917197,2120.5451,41.56704258306036,-0.5001224462758578,-0.6934830776128412,-0.7132981204398968,-1.2327617116473164,1.731615851844022,-3.0643174600644043,0.1908583812130019,0,44.1,Scalable Self-Delivery Leaders,"Optimize: invest in expansion capacity, replicate channel mix in new sites"
100,Ponsonby Pizza Co #100,Sushi,QSR,East Auckland,1.009,29.79,3985,1198,994,950,843,35688.42,31867.71,30674.05,27015.31,125245.49,0.2764,0.2253,0.2471,13.2,2.07,1745.01,17783.54,8005.17,7705.32,11716.72,45210.75,0.3006,0.3567,0.3409,0.3025,0.3609770699128567,0.6976,0.49935338989052613,0.5017,59.36619718309859,4020.865,31.429232120451694,0.24900178651987,0.5212146565688792,0.5210937589175053,0.30911378300354964,-3.0524150998997572,-1.6941477414302548,-0.5620661381711436,4,65.7,High-Growth / High-Risk,Optimize: strong momentum but monitor cost burden; reinforce operational capacity ahead of scale
101,Kiwi Kitchen Co #101,Italian,Casual Dining,East Auckland,1.0227,31.97,2192,733,516,474,469,23434.01,17059.32,16844.63,15775.97,73113.93,0.3561,0.3773,0.3284,11.9,2.06,966.14,6247.51,-1054.27,-1041.0,3239.73,7391.97,0.3344,0.3537,0.3249,0.3215,0.10110207452943647,0.6786000000000001,0.46371395984322006,0.7334,36.35658914728682,2241.7583999999997,33.3548950729927,-0.8698865359634872,-0.651182446324724,-0.6210923785535861,-0.47846103560941333,0.8785546676013535,0.694822567425941,1.0953297731328466,2,41.4,Aggregator-Dependent Low Margin,"Rebalance channels: shift volume toward in-store/self-delivery, renegotiate commission exposure"
102,Blue Wave Sushi #102,Burgers,QSR,East Auckland,1.0083,33.58,5000,1408,1583,1234,775,47280.64,55281.23,42688.05,27404.68,172654.6,0.3024,0.2172,0.283,6.3,2.71,2100.25,22713.62,10912.51,8426.62,11064.96,53117.71,0.2816,0.4407,0.3435,0.2158,0.30765302517280163,0.7842,0.5674293068357287,0.5196000000000001,106.16438356164385,5041.5,34.53092,1.0780480249984106,1.0694718711400613,1.0615510586473185,0.574084394543555,-3.6776122505230915,1.029931262900473,-0.10571839745438312,4,67.8,High-Growth / High-Risk,Optimize: strong momentum but monitor cost burden; reinforce operational capacity ahead of scale
103,Kiwi Kitchen Co #103,Indian,Casual Dining,Newmarket,0.9905,39.67,2075,705,460,467,443,27967.35,20600.22,20722.0,18248.69,87538.26,0.2775,0.4064,0.2613,15.6,2.73,1209.39,8840.48,1128.89,1135.57,4559.02,15663.96,0.3398,0.3358,0.3409,0.3234,0.17893844360168915,0.6767,0.47204753669995275,0.6839,26.686746987951803,2055.2875,42.18711325301204,-0.5292105897087697,-0.7418068724601552,-0.7640260973639833,-0.18934328995497224,1.6820561233204283,-0.25848652968638386,-0.5629116446946605,2,36.5,Aggregator-Dependent Low Margin,"Rebalance channels: shift volume toward in-store/self-delivery, renegotiate commission exposure"
104,The Grill House #104,Thai,Casual Dining,North Shore,1.0051,33.93,2041,794,684,297,266,26940.42,25133.7,11538.79,9678.95,73291.86,0.3907,0.3989,0.2614,11.4,5.31,1412.46,5668.26,-1281.82,-588.48,623.99,4421.95,0.389,0.5485,0.2382,0.2133,0.0603334394842756,0.7867,0.5003623867643693,0.7896,21.451612903225804,2051.4091000000003,35.90977951984321,-0.8654927903767664,-0.7686051048842488,-0.7670660184656879,0.017585073693625122,1.1130990740493345,3.5084116540865,0.13896263816130297,2,26.7,Aggregator-Dependent Low Margin,"Rebalance channels: shift volume toward in-store/self-delivery, renegotiate commission exposure"
105,Tui Table #105,Bakery/Desserts,Cafe,South Auckland,1.0207,29.79,4221,1712,1213,829,467,51000.48,37086.85,25462.64,14480.51,128030.48,0.2791,0.4454,0.2605,8.1,1.62,756.54,14050.63,556.3,381.94,3232.84,18221.71,0.4056,0.4835,0.3304,0.1861,0.14232321865855693,0.8139000000000001,0.4885515542861356,0.7245,51.31868131868132,4308.374699999999,30.331788675669273,0.3015720390484139,0.6542439370516375,0.6796370799232622,-0.7800210741980228,-1.215245172098808,2.8238657994097336,-0.4430349686175619,4,43.5,High-Growth / High-Risk,Optimize: strong momentum but monitor cost burden; reinforce operational capacity ahead of scale
106,Tui Table #106,Bakery/Desserts,Casual Dining,North Shore,0.9914,42.8,2300,888,534,475,403,38006.4,23361.3,22946.37,17738.34,102052.41,0.3315,0.4224,0.2587,7.2,3.05,1229.15,9353.38,-294.35,-289.12,3136.26,11906.17,0.3861,0.3782,0.3364,0.2854,0.11666721050487686,0.7145999999999999,0.4537636102861265,0.7539,49.146341463414636,2280.22,44.370613043478265,-0.21322801736195893,-0.5695938981829411,-0.5923560460315339,-0.16801205667474856,2.6420256449226898,1.352615670059948,0.33099836952809364,2,34.2,Aggregator-Dependent Low Margin,"Rebalance channels: shift volume toward in-store/self-delivery, renegotiate commission exposure"
107,Tui Table #107,Sushi,Fine Dining,West Auckland,0.99,43.31,817,440,156,97,124,19056.4,7307.35,4794.63,5645.57,36803.95,0.362,0.4289,0.2415,10.4,3.48,431.52,3984.69,-236.76,-155.35,748.97,4341.55,0.5386,0.4138,0.2573,0.3289,0.11796424025138608,0.6711,0.32882285732917255,0.7908999999999999,10.87719298245614,808.83,45.04767441860465,-1.9161739783575777,-1.9480680090899898,-1.962796354438793,-1.42299986022616,5.025172155838129,-0.06877356064006566,-0.4773978961624392,3,20.8,"Overextended, Low Return","Hold / stabilize: pause expansion, reduce cost burden and delivery radius before reinvesting"
108,Arataki Eatery #108,Korean BBQ,Fine Dining,Newmarket,1.0054,47.23,663,376,133,70,84,17758.48,6541.45,3469.44,4140.66,31910.03,0.339,0.4909,0.235,3.7,2.8,235.2,3020.72,-424.54,-225.17,469.13,2840.14,0.5671,0.4634,0.2439,0.2927,0.08900461704360667,0.7073,0.3137223625299005,0.8299000000000001,17.872340425531913,666.5802,48.12975867269985,-2.091373790271392,-2.147819783952435,-2.1484984064153023,-2.046830162983739,5.724685205433033,1.0724454547622793,-0.17077691903244094,3,23.0,"Overextended, Low Return","Hold / stabilize: pause expansion, reduce cost burden and delivery radius before reinvesting"
109,Fenwick's Bistro #109,Pizza,Cafe,Newmarket,1.0017,30.99,3114,1300,751,656,407,40287.0,25872.36,22123.01,12738.07,101020.44,0.2582,0.2801,0.2741,11.9,2.92,1188.44,18600.51,4853.65,4150.28,4692.73,32297.17,0.4175,0.414,0.3616,0.2244,0.31970925883910223,0.7756,0.47510553309805414,0.5383,31.550387596899224,3119.2938,32.44073217726397,-0.2349353043252327,-0.006488850279650808,-0.016653575637221463,-0.2122721114799102,-2.202548869426291,-0.10897166916395194,-2.539085499425243,1,52.0,Stable Local Performers,"Hold / stabilize: protect margin, selectively test growth levers before scaling"
110,Gecko Cafe #110,Vegan/Plant-Based,Casual Dining,Auckland CBD,1.0157,39.43,2268,803,699,463,303,31662.29,30962.45,20823.29,12322.65,95770.68,0.3837,0.3319,0.2622,6.2,1.65,499.95,9004.76,687.37,462.28,3004.61,13159.02,0.3541,0.4771,0.316,0.2068,0.13740134245679367,0.7931,0.5407264519788312,0.7156,42.083333333333336,2303.6076000000003,42.22693121693121,-0.3470862917158541,-0.5935704633057107,-0.5749999331116958,-1.260821470208148,0.5847659223592976,3.4180990663752153,0.24911650385611656,2,41.3,Aggregator-Dependent Low Margin,"Rebalance channels: shift volume toward in-store/self-delivery, renegotiate commission exposure"
111,Kowhai Kitchen #111,Mexican,Bar/Pub,Waitakere,1.0018,41.66,2350,1004,490,357,499,41826.64,21427.51,17026.61,21309.42,101590.18,0.2901,0.3567,0.3132,10.8,2.92,1457.08,14773.17,857.1,681.06,6069.41,22380.74,0.4272,0.364,0.2652,0.3707,0.2203041671941127,0.6292,0.3785220185651802,0.6468,42.28813559322034,2354.23,43.229863829787234,-0.2229375675194173,-0.5324527299685595,-0.5377303633556136,0.05976283068980729,2.255762861742287,-1.8612817349375914,0.02394544529710341,0,43.2,Scalable Self-Delivery Leaders,"Optimize: invest in expansion capacity, replicate channel mix in new sites"
112,Tui Table #112,Korean BBQ,QSR,West Auckland,1.0225,32.46,4377,1205,1405,837,930,39114.3,50029.34,28164.08,32232.92,149540.64,0.3247,0.2,0.2888,7.7,3.36,3124.8,18591.03,9330.47,5252.6,12195.51,45369.61,0.2753,0.4429,0.2639,0.2932,0.3033931779347741,0.7068000000000001,0.5228907673526072,0.5246999999999999,106.89655172413794,4475.4825,34.165099383139136,0.690056020722679,0.7402013881821387,0.769372644108586,1.173538437017718,-2.995880929729681,-0.5104543653392893,1.2520462492568054,4,71.6,High-Growth / High-Risk,Optimize: strong momentum but monitor cost burden; reinforce operational capacity ahead of scale
113,Silver Fern Diner #113,Cafe/Brunch,QSR,North Shore,0.9965,29.79,6389,1690,1805,1680,1214,50345.1,55925.97,53318.81,37261.13,196851.01,0.3173,0.2981,0.288,8.6,3.16,3836.24,19362.73,5402.45,5150.6,10494.39,40410.17,0.2645,0.3841,0.3575,0.2584,0.20528302089991815,0.7416,0.554961744925769,0.6154,126.45833333333334,6366.6385,30.810926592581,1.4577896508718442,1.738251126119909,1.6873795631552315,1.500547138735569,-2.9541075071016865,0.9672023523758485,1.1890519739441687,4,61.8,High-Growth / High-Risk,Optimize: strong momentum but monitor cost burden; reinforce operational capacity ahead of scale
114,The Copper Pan #114,Korean BBQ,QSR,West Auckland,1.0118,31.62,6618,2377,1304,1558,1379,75160.74,43684.4,54720.38,46469.83,220035.35,0.2699,0.249,0.2577,6.9,3.43,4729.97,36159.83,9759.09,12224.53,17626.67,75770.12,0.3592,0.3075,0.3674,0.3252,0.3443543048878282,0.6749,0.4472225940059177,0.5188999999999999,174.55696202531644,6696.0924,33.2480129948625,1.8007040769713565,1.8414338955862457,1.832599314134793,1.8473503785523677,-2.944003342255108,-2.3499453642985637,1.3564714276900698,4,76.4,High-Growth / High-Risk,Optimize: strong momentum but monitor cost burden; reinforce operational capacity ahead of scale
115,Karaka Kebabs #115,Pizza,Casual Dining,North Shore,1.0028,37.88,1981,778,339,440,424,29470.64,14581.88,17480.6,16629.54,78162.66,0.3583,0.3851,0.2764,8.9,4.35,1844.4,7562.17,-288.72,-346.12,2422.74,9350.07,0.3927,0.2818,0.3658,0.3525,0.11962323186032818,0.6476,0.4102020069429571,0.7434000000000001,42.82828282828282,1986.5467999999998,39.45616355376073,-0.7471822170449732,-0.8164308785030008,-0.818335904788521,0.38738369525834615,2.6965707571968554,-0.3929689940305119,1.0072647430177444,2,35.8,Aggregator-Dependent Low Margin,"Rebalance channels: shift volume toward in-store/self-delivery, renegotiate commission exposure"
116,Mango Tree Thai #116,Italian,Cafe,East Auckland,0.99,29.79,2573,1120,451,434,568,33364.8,14654.31,13733.3,17940.7,79693.11,0.2547,0.2961,0.2908,16.1,3.83,2175.44,14987.47,2321.24,2175.35,5883.52,25367.58,0.4353,0.3104,0.2987,0.3909,0.31831584938773255,0.6091,0.3562115972133601,0.5508,33.21637426900585,2547.27,30.9728371550719,-0.7107588165354073,-0.3712950440089847,-0.3991439140809399,0.62540918696408,-0.21797060705796842,-4.1163786368418105,-1.2366767765759248,0,46.5,Scalable Self-Delivery Leaders,"Optimize: invest in expansion capacity, replicate channel mix in new sites"
117,Harbor Bites #117,Italian,Fine Dining,Newmarket,0.99,44.1,685,384,101,98,102,16934.4,5056.14,4421.32,4546.88,30958.74,0.3585,0.4712,0.3015,14.3,2.88,293.76,2883.93,-663.37,-580.08,480.57,2121.05,0.5606,0.3355,0.3256,0.3389,0.06851215521045108,0.6611,0.30613196790308644,0.8297,6.666666666666666,678.15,45.19524087591241,-2.126925287971405,-2.117997819102356,-2.1327001782116377,-1.8264133813774466,5.980911116577437,0.010890281760688656,-0.9649324057303769,3,13.9,"Overextended, Low Return","Hold / stabilize: pause expansion, reduce cost burden and delivery radius before reinvesting"
118,Ponsonby Pizza Co #118,Indian,Casual Dining,Manukau,1.0163,35.4,2832,962,636,565,669,34054.8,23623.96,20800.2,25434.45,103913.41,0.2708,0.381,0.2772,10.7,1.51,1010.19,11857.88,1677.3,1476.81,7846.09,22858.08,0.3397,0.3401,0.3021,0.3578,0.21997237892587684,0.6422,0.42751132890355537,0.6517999999999999,57.17948717948718,2878.1616,36.69258827683616,-0.17435246247689734,-0.19242212197130215,-0.17323349506829164,-0.4220052566293471,0.4915956039409744,-1.452850598225676,0.8338983474876698,0,51.5,Scalable Self-Delivery Leaders,"Optimize: invest in expansion capacity, replicate channel mix in new sites"
119,Southern Smoke BBQ #119,Burgers,Cafe,Devonport,0.9997,34.24,2628,1148,598,317,565,39307.52,21763.5,11864.63,20089.34,93024.99,0.2188,0.42,0.3124,9.4,2.14,1209.1,14197.88,1062.06,578.99,6047.17,21886.1,0.4368,0.4041,0.2142,0.3818,0.23527118895685983,0.6183000000000001,0.36149565831718977,0.6388,54.32692307692307,2627.2116,35.39763698630137,-0.4069437383368991,-0.33260372915809705,-0.34328830806601496,-0.1896584611350721,1.0248711232616863,-2.740812206663245,0.0224598535894831,0,42.7,Scalable Self-Delivery Leaders,"Optimize: invest in expansion capacity, replicate channel mix in new sites"
120,Spice Route #120,Vegan/Plant-Based,Bar/Pub,East Auckland,0.99,36.12,2638,1269,541,438,390,45836.28,21128.11,17480.16,14379.58,98824.13,0.2695,0.3403,0.2802,12.5,2.56,998.4,17885.32,2324.09,1922.82,4612.51,26744.74,0.481,0.3952,0.3199,0.2849,0.27062965289954993,0.7151000000000001,0.3906765483288343,0.6098,28.88888888888889,2611.62,37.46176269901441,-0.28149910394085276,-0.3256113694368853,-0.3541151580724015,-0.43691562770552156,0.5158374124785882,-1.0141966290537086,-2.081655636025578,1,41.7,Stable Local Performers,"Hold / stabilize: protect margin, selectively test growth levers before scaling"
121,The Copper Pan #121,Chinese,Fine Dining,Auckland CBD,0.9956,44.01,1033,556,128,218,131,24469.56,6097.52,10595.41,5876.69,47039.18,0.3257,0.4116,0.3038,13.5,3.08,403.48,6428.15,-250.61,-435.47,1140.33,6882.4,0.5382,0.2683,0.457,0.2746,0.14631207431762203,0.7253000000000001,0.3548728953183283,0.7373000000000001,9.03448275862069,1028.4548,45.53647628267183,-1.5834088157701243,-1.6965817302622035,-1.7055386386360805,-1.4955712088124482,4.11717436659408,0.49363090981581714,-2.3804687398356297,3,25.0,"Overextended, Low Return","Hold / stabilize: pause expansion, reduce cost burden and delivery radius before reinvesting"
122,Volcano Pizza #122,Seafood,QSR,Auckland CBD,1.0289,31.63,6377,2561,1303,1098,1415,81004.43,47383.37,38938.53,45705.56,213031.89,0.2403,0.2877,0.2653,6.6,2.27,3212.05,38234.09,9794.14,8048.59,18360.97,74437.79,0.4016,0.3415,0.2877,0.3708,0.3494208777850114,0.6292,0.4052064693225037,0.528,186.1842105263158,6561.2953,33.40628665516701,1.699068056325682,1.7327949929671738,1.7736217950415722,1.2167300024178045,-2.4347292969744716,-3.4072611366368473,2.1363014591335894,0,79.3,Scalable Self-Delivery Leaders,"Optimize: invest in expansion capacity, replicate channel mix in new sites"
123,Arataki Eatery #123,Thai,Cafe,West Auckland,0.99,31.78,3419,1302,700,518,899,41377.56,23021.89,17680.01,29408.41,111487.87,0.2962,0.2828,0.2256,9.2,1.77,1591.23,17419.95,4498.48,3454.67,10789.71,36162.81,0.3808,0.3307,0.2447,0.4247,0.32436542199613283,0.5754,0.36507917856893307,0.579,88.13725490196079,3384.81,32.60832699619772,-0.01953931596725212,0.18561334195038093,0.14894365537647294,0.18051670261583205,-0.19550999536366714,-4.253187811175338,1.2395377523762134,0,54.1,Scalable Self-Delivery Leaders,"Optimize: invest in expansion capacity, replicate channel mix in new sites"
124,Fenwick's Bistro #124,Chinese,Cafe,West Auckland,0.99,33.16,4369,1968,1138,519,744,65258.88,42670.28,18166.12,26087.2,152182.48,0.3436,0.3703,0.2881,3.1,1.49,1108.56,18670.57,-85.34,-36.33,6354.99,24903.89,0.4504,0.474,0.2162,0.3099,0.16364492154418825,0.6901999999999999,0.39975955182225964,0.7139,181.46341463414635,4325.31,34.832336919203485,0.7358239378529119,0.7358299021021876,0.6888091523782611,-0.30284221080832247,0.206493374438655,-0.05982058015935667,2.2181879171976626,2,45.0,Aggregator-Dependent Low Margin,"Rebalance channels: shift volume toward in-store/self-delivery, renegotiate commission exposure"
125,Manuka Street Food #125,Korean BBQ,QSR,Ponsonby,0.9982,29.79,3771,1073,1170,891,637,31964.67,39464.78,27127.51,20417.82,118974.78,0.3417,0.3295,0.3018,13.4,0.98,624.26,10509.98,1065.55,732.44,6089.12,18397.09,0.2845,0.4337,0.3302,0.2361,0.15463016615790337,0.7639,0.5597176981541802,0.6712,44.23611111111111,3764.2122,31.549928400954652,0.1284948130771193,0.39723494901859024,0.3747297913933623,-1.0076587777203585,-1.6304355059252176,2.165437247115851,-0.16241014756118546,4,44.5,High-Growth / High-Risk,Optimize: strong momentum but monitor cost burden; reinforce operational capacity ahead of scale
126,Silver Fern Diner #126,Pizza,QSR,Ponsonby,1.0339,29.79,5058,1294,1275,1307,1182,38548.26,41473.42,40760.12,37096.42,157878.22,0.2923,0.4235,0.2973,16.7,2.54,3002.28,10955.42,-543.3,-533.96,7540.52,17418.68,0.2558,0.3387,0.3472,0.314,0.11032984790428978,0.6859,0.5208669061508294,0.7158,66.77966101694915,5229.4662,31.213566627125346,0.8331918772691931,1.0990835983205982,1.154930342713722,1.1111934343801901,-1.0129221526085659,0.8133333558049529,1.7966561486937935,4,54.2,High-Growth / High-Risk,Optimize: strong momentum but monitor cost burden; reinforce operational capacity ahead of scale
127,Golden Wok #127,Vegan/Plant-Based,Bar/Pub,Ponsonby,1.0062,39.87,1980,835,568,387,190,33291.45,24111.93,16364.89,7906.9,81675.17,0.2603,0.3089,0.2927,9.8,1.18,224.2,14341.96,3329.86,2259.99,3182.09,23113.9,0.4217,0.4961,0.338,0.1659,0.2829978805064012,0.8341000000000001,0.4955829293039733,0.5691999999999999,17.59259259259259,1992.276,41.250085858585855,-0.6640932707488478,-0.8172338947066062,-0.8137740970313018,-2.093132148262354,-0.841422125143362,1.945410254507347,-3.191832132459373,1,43.6,Stable Local Performers,"Hold / stabilize: protect margin, selectively test growth levers before scaling"
128,Rangitoto Roast #128,Vegan/Plant-Based,Cafe,Waitakere,1.0165,29.79,4386,1739,985,808,854,51804.81,31910.66,25109.36,26353.67,135178.5,0.3066,0.3366,0.2695,3.0,1.7,1451.8,18483.96,2785.8,2192.05,7951.19,31413.0,0.3965,0.3721,0.3053,0.3226,0.23238162873533882,0.6774,0.4218127882762422,0.6432,213.5,4458.369,30.82045143638851,0.43398966712382725,0.7451146705541142,0.7602603267260967,0.05482728624476876,-1.5614679322043392,-1.1378466405990648,2.689639494614615,4,63.6,High-Growth / High-Risk,Optimize: strong momentum but monitor cost burden; reinforce operational capacity ahead of scale
129,Mango Tree Thai #129,Chinese,Cafe,Manukau,0.99,29.79,3521,1549,760,501,711,46144.71,23954.01,15262.37,22584.03,107945.12,0.3137,0.3212,0.2558,11.6,2.37,1685.07,16847.43,2618.17,1668.18,6560.36,27694.14,0.4399,0.3854,0.2541,0.3605,0.2565575914872298,0.6395,0.3632992394653876,0.6349,56.42857142857143,3485.79,30.657517750639023,-0.09128527853614042,0.24798300551259475,0.21021751929177723,0.2601339028313902,0.0398075154034596,-2.4132431564419377,0.12463341324073542,0,44.9,Scalable Self-Delivery Leaders,"Optimize: invest in expansion capacity, replicate channel mix in new sites"
130,Arataki Eatery #130,Cafe/Brunch,Casual Dining,Waitakere,0.99,39.55,3047,1022,1065,492,468,40420.1,47338.84,20246.05,19767.53,127772.52,0.3097,0.3906,0.2966,6.3,1.33,622.44,12113.9,146.75,62.76,5301.89,17625.3,0.3354,0.5259,0.243,0.2311,0.13794280648139365,0.7689,0.5289469911057557,0.7002999999999999,64.10958904109589,3016.53,41.93387594355104,0.2967264224317246,-0.04989727818139806,-0.08261970557347467,-1.011055208740029,0.38898355345116836,2.562059090281318,0.09124301684774257,2,39.9,Aggregator-Dependent Low Margin,"Rebalance channels: shift volume toward in-store/self-delivery, renegotiate commission exposure"
131,Silver Fern Diner #131,Burgers,Casual Dining,East Auckland,1.0127,39.62,2112,755,506,435,416,29913.1,21747.29,19071.8,16868.31,87600.5,0.321,0.3991,0.2928,7.2,3.22,1339.52,8372.68,-280.54,-246.03,3381.92,11228.03,0.3575,0.3729,0.3206,0.3066,0.12817312686571425,0.6935,0.46596868739333674,0.7201,50.73170731707317,2138.8224,41.47750946969697,-0.5278028930246994,-0.7128854158368422,-0.6992299499901062,-0.05376566473039339,1.7827849090846428,0.8046448565912917,0.8581532322354488,2,42.3,Aggregator-Dependent Low Margin,"Rebalance channels: shift volume toward in-store/self-delivery, renegotiate commission exposure"
132,Silver Fern Diner #132,Bakery/Desserts,Bar/Pub,Waitakere,1.0029,30.64,2840,1418,546,635,241,43447.52,19077.58,21437.96,7947.46,91910.52,0.269,0.3373,0.2632,11.7,3.61,870.01,17105.29,2489.62,2797.65,2258.91,24651.47,0.4993,0.384,0.4466,0.1695,0.2682116258291216,0.8306,0.44081504489366397,0.6063000000000001,18.976377952755907,2848.236,32.36285915492958,-0.4314864973404864,-0.18702654462767485,-0.193114116957384,-0.6093595414798918,-1.2968685672385276,1.216939868404099,-3.487519440320964,1,39.3,Stable Local Performers,"Hold / stabilize: protect margin, selectively test growth levers before scaling"
133,Golden Wok #133,Bakery/Desserts,Fine Dining,Devonport,1.0052,45.8,904,478,102,209,115,21892.4,5143.2,10928.0,5433.49,43397.09,0.3666,0.5043,0.3133,10.4,2.2,253.0,2826.31,-947.38,-2012.94,448.46,314.45,0.5288,0.2394,0.4906,0.27,0.007245877546167266,0.73,0.37032897827941924,0.8709,10.087719298245613,908.7008000000001,48.00563053097345,-1.6973210951344864,-1.8432967116936279,-1.8419913334138862,-1.97550748512651,5.889617948572891,2.343128470861636,-1.0073610224215503,3,15.8,"Overextended, Low Return","Hold / stabilize: pause expansion, reduce cost burden and delivery radius before reinvesting"
134,Silver Fern Diner #134,Cafe/Brunch,Cafe,Devonport,1.0022,33.57,3394,1504,528,845,517,50489.28,19264.58,31877.36,18466.56,120097.78,0.276,0.3192,0.2535,7.8,2.32,1199.44,20438.06,2914.73,4823.04,6275.82,34451.65,0.4431,0.2794,0.4471,0.2735,0.2868633375238077,0.7264999999999999,0.42583584808978153,0.5952,58.74999999999999,3401.4668,35.38532115497937,0.15030083680881995,0.17018919699347418,0.1591128899112327,-0.20019234857148885,-0.5964090336514318,-0.8564774823764877,-1.3177290866583111,1,52.5,Stable Local Performers,"Hold / stabilize: protect margin, selectively test growth levers before scaling"
135,Tui Table #135,Burgers,Cafe,Waitakere,1.0092,32.31,4401,2345,936,596,524,75766.95,33642.56,21063.2,18239.93,148712.64,0.2764,0.3993,0.2625,7.2,3.39,1776.36,24571.22,2079.11,1301.71,4138.85,32090.89,0.5328,0.4553,0.2899,0.2549,0.21579127369401818,0.7452,0.36786220727437824,0.6757,63.90243902439025,4441.4892,33.79064758009544,0.6756300984251649,0.7532925975044369,0.751255382616614,0.3341864973820409,0.05043593487363853,0.06031579988464217,-0.716480961483975,1,47.3,Stable Local Performers,"Hold / stabilize: protect margin, selectively test growth levers before scaling"
136,Ocean & Vine #136,Pizza,Food Truck,Auckland CBD,1.0124,32.21,1410,548,258,333,271,17651.08,9020.79,11132.25,9220.28,47024.4,0.3314,0.2769,0.3291,9.9,2.01,544.71,6913.93,564.7,696.88,3066.87,11242.38,0.3887,0.2993,0.3863,0.3144,0.2390754586980376,0.6856,0.4285655957332789,0.6083,24.862385321100916,1427.484,33.350638297872344,-1.5838621695324606,-1.3126169974323654,-1.3003190492404553,-1.1642937001280123,0.10339354520660934,-0.9747347339863028,-0.8676912235449235,1,47.3,Stable Local Performers,"Hold / stabilize: protect margin, selectively test growth levers before scaling"
137,Waterfront Grill #137,Pizza,Casual Dining,Devonport,1.0177,33.09,2483,821,652,467,543,27166.89,24543.05,16895.25,18200.09,86805.28,0.3563,0.3794,0.3061,8.1,1.94,1053.42,7180.21,-1025.9,-706.22,3756.86,9204.95,0.3306,0.3923,0.281,0.3267,0.10604136061769516,0.6733,0.47737073136564967,0.7357,59.67032967032967,2526.9491000000003,34.95983890455095,-0.5458256267117169,-0.4354856860145418,-0.4134807061403219,-0.3685210309813266,0.8495031404057788,0.7155691332598292,1.8353967629469181,2,43.6,Aggregator-Dependent Low Margin,"Rebalance channels: shift volume toward in-store/self-delivery, renegotiate commission exposure"
138,The Grill House #138,Mexican,Food Truck,South Auckland,1.0221,31.16,1611,600,378,269,364,18696.0,12296.47,8616.8,11874.09,51483.36,0.3043,0.2343,0.2693,5.6,4.12,1499.68,8626.33,2362.15,1655.29,3979.03,16622.8,0.3724,0.3739,0.2661,0.36,0.3228771393320094,0.64,0.4062141631781608,0.5386,55.151515151515156,1646.6031,31.95739292364991,-1.4501171306439822,-1.1284048374042435,-1.101837423219996,0.09905851410439699,-0.9131024145203406,-2.8370157024292078,0.4612103203001349,0,60.7,Scalable Self-Delivery Leaders,"Optimize: invest in expansion capacity, replicate channel mix in new sites"
139,Urban Burger Bar #139,Korean BBQ,QSR,Devonport,0.99,30.94,3999,1088,1011,1096,804,33662.72,35864.01,36487.93,25112.13,131126.79,0.3516,0.4213,0.2886,8.3,3.77,3031.08,7644.8,-2205.64,-2244.01,2671.88,5867.03,0.2721,0.3473,0.3765,0.2762,0.044743183296106,0.7238,0.551770847132001,0.7729,86.4516129032258,3959.0099999999998,32.789894973743436,0.35936505958291814,0.529211332176234,0.4862545979009816,1.1260327264085834,-0.01978257597844767,2.264217290210966,1.7350040948545247,2,38.6,Aggregator-Dependent Low Margin,"Rebalance channels: shift volume toward in-store/self-delivery, renegotiate commission exposure"
140,The Copper Pan #140,Sushi,Bar/Pub,Manukau,0.99,34.31,1944,857,458,319,310,29403.67,17687.42,11719.06,11307.57,70117.72,0.2484,0.2991,0.2846,10.7,3.46,1072.6,13305.16,2969.72,1967.63,4044.08,22286.59,0.4408,0.4213,0.2935,0.2852,0.31784533210720484,0.7148,0.419387281845445,0.5475,26.495726495726498,1924.56,36.068786008230454,-0.9446771298368092,-0.8462749061384401,-0.8681169066798411,-0.34536357331473183,-0.4902645410588909,-1.5173616621298334,-2.3064473481984495,1,47.0,Stable Local Performers,"Hold / stabilize: protect margin, selectively test growth levers before scaling"
141,Pohutukawa Pub #141,Vegan/Plant-Based,Casual Dining,Ponsonby,1.021,41.05,2166,717,359,503,587,29432.85,16680.68,22209.48,24638.64,92961.65,0.3687,0.3949,0.2,8.9,3.82,2242.34,6957.93,607.18,808.43,3582.23,11955.77,0.331,0.2478,0.3471,0.4051,0.1286097008820304,0.5949,0.41834627504998034,0.7636000000000001,59.292929292929294,2211.486,42.91858264081255,-0.40833473038306345,-0.6711140330356896,-0.6438831091118743,0.6698715257520413,3.2257933780892056,-1.0693688594775863,2.903352916295113,2,43.0,Aggregator-Dependent Low Margin,"Rebalance channels: shift volume toward in-store/self-delivery, renegotiate commission exposure"
142,Cafe Aroha #142,Sushi,QSR,South Auckland,1.0298,37.18,4080,1229,1012,894,945,45694.22,40740.78,35112.84,37089.22,158637.06,0.3163,0.2625,0.2528,4.6,0.89,841.05,19246.41,6860.75,5913.0,14780.93,46801.09,0.3012,0.355,0.3136,0.3315,0.2950199026633499,0.6686,0.4781582563368232,0.5788,168.75,4201.584,38.881632352941175,0.8460332824490209,0.5752131190274445,0.621381819391794,-0.6511054244027805,-1.4985407052005804,-1.1196800592895688,2.581483566174842,4,72.9,High-Growth / High-Risk,Optimize: strong momentum but monitor cost burden; reinforce operational capacity ahead of scale
143,Kowhai Kitchen #143,Chinese,Casual Dining,Newmarket,0.9907,44.28,3142,1106,738,657,641,48973.68,36888.83,32267.58,30450.0,148580.09,0.4,0.4693,0.2785,13.0,4.29,2749.89,6400.86,-5452.17,-4769.15,1229.93,-2590.53,0.352,0.3625,0.3227,0.3148,-0.017435243174236875,0.6852,0.4654487017742418,0.8693,45.785714285714285,3112.7794,47.28838001273074,0.6733170790316595,0.011517361654575951,-0.020802900227091376,0.9759167393697571,4.273618611059045,2.451497535103564,1.7799198199258361,2,23.4,Aggregator-Dependent Low Margin,"Rebalance channels: shift volume toward in-store/self-delivery, renegotiate commission exposure"
144,Nikau Noodle House #144,Steakhouse,Casual Dining,Ponsonby,0.99,42.6,2712,962,549,596,605,40981.2,24787.85,28673.05,26146.21,120588.31,0.2842,0.4243,0.2693,3.0,3.23,1954.15,11946.02,550.29,636.54,5667.47,18800.32,0.3547,0.3137,0.3406,0.3457,0.15590499609788047,0.6543,0.4433340180320961,0.7085,151.25,2684.88,44.46471607669616,0.15979440474040663,-0.2742631765640572,-0.30351836023867856,0.46990847360343985,1.972893861044683,-0.551668931223516,1.9834185762443175,2,45.5,Aggregator-Dependent Low Margin,"Rebalance channels: shift volume toward in-store/self-delivery, renegotiate commission exposure"
145,Pohutukawa Pub #145,Bar & Grill,QSR,South Auckland,1.0135,31.62,4823,1567,1427,1131,698,49548.54,50493.63,40050.37,22764.41,162856.95,0.2793,0.2661,0.2874,7.9,3.91,2729.18,22524.77,8442.53,6696.42,7619.52,45283.24,0.3249,0.4383,0.3474,0.2144,0.27805531173216735,0.7857000000000001,0.5559725882131527,0.5454,78.42696629213482,4888.110500000001,33.766732324279495,0.9169012291856824,0.9780573994260601,0.9840576645773546,0.9643722278235687,-3.2458827494274587,1.0824122950179917,-0.5839536176884859,4,62.9,High-Growth / High-Risk,Optimize: strong momentum but monitor cost burden; reinforce operational capacity ahead of scale
146,Manuka Street Food #146,Korean BBQ,Cafe,East Auckland,1.019,32.23,3275,1406,706,594,569,45315.38,23624.93,21089.86,19288.26,109318.43,0.2926,0.3756,0.3139,7.3,3.23,1837.87,15035.64,422.89,377.51,4561.97,20398.01,0.4293,0.3777,0.3178,0.3044,0.18659259925339214,0.6955,0.40903249342311265,0.6682,68.55421686746988,3337.225,33.379673282442745,-0.0633386810174232,0.09600128531486547,0.11975432115153722,0.3823483728877504,0.09808833252979747,-0.3876112427741685,0.3717910099068236,2,49.8,Aggregator-Dependent Low Margin,"Rebalance channels: shift volume toward in-store/self-delivery, renegotiate commission exposure"
147,Harbor Bites #147,Burgers,Fine Dining,Manukau,1.024,47.23,884,465,120,191,108,21961.95,6007.18,9832.68,5272.09,43073.9,0.3619,0.4629,0.2704,10.0,2.85,307.8,3847.73,-571.88,-936.07,615.87,2955.65,0.526,0.2864,0.4558,0.2578,0.06861811909300064,0.7422,0.36773684296058634,0.8248,9.818181818181818,905.216,48.726131221719456,-1.7076519702161963,-1.866932573481658,-1.846092006929556,-1.778957490179448,5.209932207253886,2.1289437724686318,-0.9015979017828941,3,26.3,"Overextended, Low Return","Hold / stabilize: pause expansion, reduce cost burden and delivery radius before reinvesting"
148,Southern Smoke BBQ #148,Sushi,QSR,Devonport,1.0197,32.42,5726,1885,1661,1250,930,61111.7,58046.94,41499.26,30572.27,191230.17,0.3585,0.2742,0.2483,11.5,2.5,2325.0,22446.33,6907.59,4938.41,8904.19,43196.52,0.3292,0.4324,0.3254,0.2421,0.22588757830419748,0.7578,0.5205569811499933,0.6327,74.4,5838.8022,33.396816276632904,1.3717138064768903,1.4289201398813398,1.4466855503814098,0.7233361093253651,-2.1087069914544734,1.421921992577046,0.7178048390089778,4,60.5,High-Growth / High-Risk,Optimize: strong momentum but monitor cost burden; reinforce operational capacity ahead of scale
149,Kiwi Kitchen Co #149,Indian,Cafe,Waitakere,0.9994,31.46,4268,1729,731,994,814,54394.34,24420.83,34835.58,25668.0,139318.75,0.2599,0.3879,0.2897,13.4,3.2,2604.8,19157.69,1526.3,2177.22,6435.47,29296.68,0.4051,0.2879,0.3915,0.3206,0.21028526311067247,0.6794,0.42532975640392984,0.6478,56.52777777777778,4265.4392,32.64263120899719,0.5091208826408828,0.6803015334920441,0.6563027228990479,0.8934927947734304,-0.21454832539827462,-1.1860109899932945,-0.48475847268517064,1,46.8,Stable Local Performers,"Hold / stabilize: protect margin, selectively test growth levers before scaling"
150,Harbor Bites #150,Indian,Cafe,Ponsonby,0.9916,33.88,4247,1823,759,1033,632,61763.24,27522.99,38177.53,22108.65,149572.41,0.3071,0.3695,0.2702,7.0,2.46,1554.72,19974.23,1464.22,2031.04,5595.22,29064.71,0.4292,0.3131,0.4262,0.2607,0.1943186581001135,0.7393000000000001,0.4392556087048407,0.6766,79.0,4211.3252,35.2183682599482,0.69060875613835,0.6686761049477596,0.6267260358993508,0.14850189241060668,-0.017501759874880292,0.4831141643444085,-0.4459998785630563,1,45.5,Stable Local Performers,"Hold / stabilize: protect margin, selectively test growth levers before scaling"
151,Manuka Street Food #151,Bakery/Desserts,Cafe,South Auckland,1.0052,30.79,3195,1398,511,593,693,43044.42,17725.79,19266.27,22445.67,102482.15,0.3149,0.3608,0.2753,11.6,3.75,2598.75,13959.31,868.56,944.05,4680.38,20452.3,0.4376,0.2844,0.33,0.3856,0.1995693884252038,0.6144000000000001,0.36096100638013545,0.6757,55.0,3211.6140000000005,32.075790297339594,-0.20422026676782573,0.04538831891663074,0.04169249497865064,0.8899751977119565,1.0281055581186758,-2.4405979078349644,0.7429941270036144,0,43.7,Scalable Self-Delivery Leaders,"Optimize: invest in expansion capacity, replicate channel mix in new sites"
152,Kowhai Kitchen #152,Vegan/Plant-Based,Bar/Pub,Manukau,0.9975,33.45,1970,970,364,445,191,32446.5,12825.6,15817.36,6682.32,67771.78,0.2811,0.3379,0.2712,10.2,1.05,200.55,12362.12,1408.25,1736.75,2345.41,17852.53,0.4924,0.364,0.445,0.191,0.26342129423190597,0.8089999999999999,0.42263844921883414,0.619,17.05357142857143,1965.075,34.40191878172589,-1.0043360286233307,-0.8252749215070773,-0.8354910644916089,-2.1993022527227954,-0.3519485695677486,0.966703663794407,-3.3781171795793132,1,37.4,Stable Local Performers,"Hold / stabilize: protect margin, selectively test growth levers before scaling"
153,The Brass Fork #153,Indian,Fine Dining,East Auckland,0.99,43.55,865,476,140,135,114,20729.8,6809.66,6711.92,5026.76,39278.14,0.3212,0.4716,0.3473,3.5,2.2,250.8,4295.21,-954.03,-940.34,790.74,3191.58,0.5503,0.3599,0.347,0.2931,0.08125588431631436,0.7069,0.34425204452145647,0.7928,25.333333333333332,856.35,45.40825433526012,-1.8319542049686357,-1.8896283880868598,-1.904442898962514,-1.984097161809676,4.885117425287885,0.8689072772907722,-1.0507125129496266,3,22.3,"Overextended, Low Return","Hold / stabilize: pause expansion, reduce cost burden and delivery radius before reinvesting"
154,Kowhai Kitchen #154,Bakery/Desserts,QSR,Newmarket,1.0427,34.22,5643,1715,1242,1514,1172,58687.3,43758.54,57050.45,41551.88,201048.17,0.3422,0.3115,0.2128,16.2,5.05,5918.6,20323.41,5841.77,7616.24,8470.82,42252.24,0.3039,0.3162,0.3854,0.2984,0.21015978409552297,0.7016,0.5014170982008938,0.6537,68.13953488372093,5883.956099999999,35.62788764841397,1.521280610732584,1.3889946276860718,1.467688495621887,2.233641828618294,-1.1671658927897584,0.3177437426434631,1.5880398991270985,4,63.9,High-Growth / High-Risk,Optimize: strong momentum but monitor cost burden; reinforce operational capacity ahead of scale
155,The Copper Pan #155,Italian,Food Truck,South Auckland,1.0368,30.01,1520,580,342,322,276,17405.8,11490.37,10454.33,8527.58,47878.08,0.3269,0.253,0.2683,4.5,2.11,582.36,7312.18,1744.24,1586.97,3000.08,13643.47,0.3816,0.3638,0.3426,0.2936,0.2849627637532666,0.7064,0.4583454474364887,0.5799000000000001,50.18181818181818,1575.936,31.498736842105263,-1.557790303962069,-1.2103323516105047,-1.1643291877594018,-1.0879869589466025,-1.2654155311565554,-0.7442199041343429,0.15736287824395484,4,60.6,High-Growth / High-Risk,Optimize: strong momentum but monitor cost burden; reinforce operational capacity ahead of scale
156,Arataki Eatery #156,Italian,Bar/Pub,Manukau,1.019,37.19,2455,1289,509,333,324,47937.91,21257.36,13631.61,12313.88,95140.76,0.278,0.3079,0.2799,11.0,2.54,822.96,19851.09,2852.74,1829.36,4276.22,28809.41,0.5251,0.4365,0.2856,0.2779,0.3028082811194697,0.7221,0.3667089689003956,0.5859000000000001,27.0,2501.645,38.75387372708757,-0.3607437265687906,-0.45568592373701344,-0.4314136559702743,-0.6777811061925153,0.39763864991932313,-1.068237752451742,-1.8453817882002899,1,50.3,Stable Local Performers,"Hold / stabilize: protect margin, selectively test growth levers before scaling"
157,Spice Route #157,Thai,QSR,North Shore,0.9982,34.35,5360,1773,1640,1176,771,60902.55,60402.49,43376.25,28028.96,192710.25,0.3061,0.3847,0.2566,10.9,1.83,1410.93,18831.07,3177.17,2281.59,7255.62,31545.45,0.3308,0.4572,0.3279,0.2149,0.16369368001961496,0.7851,0.5385221595633859,0.6908,64.78991596638656,5350.352,35.95340485074627,1.3944982537070265,1.2506703542033972,1.2141046491854792,0.016119636366014965,-1.1649826627433248,2.475570717505666,-0.045549560426097396,4,46.6,High-Growth / High-Risk,Optimize: strong momentum but monitor cost burden; reinforce operational capacity ahead of scale
158,Silver Fern Diner #158,Sushi,Bar/Pub,Ponsonby,1.0148,34.69,1992,916,331,467,278,31776.04,12790.49,17514.45,9882.72,71963.7,0.2668,0.2875,0.307,10.5,3.17,881.26,14162.58,1774.04,2429.25,3523.47,21889.34,0.4598,0.3076,0.434,0.2584,0.3041719644765347,0.7416,0.42111425621528636,0.5543,24.17391304347826,2021.4815999999998,36.126355421686746,-0.8984173138426245,-0.8076106664810362,-0.7906202318064265,-0.593448065796972,-0.511018318080236,-0.8217276049604737,-2.5295378897678074,1,51.9,Stable Local Performers,"Hold / stabilize: protect margin, selectively test growth levers before scaling"
159,Karaka Kebabs #159,Bakery/Desserts,QSR,South Auckland,1.0216,34.65,4821,1310,1391,1389,731,45391.5,54896.15,50907.82,26423.66,177619.13,0.2976,0.3214,0.3044,7.8,1.99,1454.69,17294.16,4205.05,3899.54,8612.72,34011.47,0.2717,0.3962,0.3956,0.2082,0.19148539912339396,0.7918000000000001,0.595678911387529,0.619,83.06818181818181,4925.1336,36.842798174652565,1.1579904527172404,0.977015233435926,1.0028714826754732,0.05753056067447543,-2.3469577863086397,2.5298516333486125,0.27384225485675273,4,59.5,High-Growth / High-Risk,Optimize: strong momentum but monitor cost burden; reinforce operational capacity ahead of scale
160,Tui Table #160,Burgers,Food Truck,South Auckland,1.0166,31.33,1414,554,281,335,244,17356.82,9896.21,11305.61,8209.13,46767.77,0.3092,0.234,0.2786,12.4,2.6,634.4,7928.6,1763.5,2014.66,3115.53,14822.29,0.3918,0.3267,0.3895,0.2837,0.31693386278627356,0.7162,0.4533425476562171,0.5432,18.208955223880597,1437.4723999999999,33.07480198019802,-1.5917450640204707,-1.308831012431232,-1.2909546690927156,-0.98888228828086,-1.1284472442483011,-1.1412018741073595,-1.7771679216641985,1,53.3,Stable Local Performers,"Hold / stabilize: protect margin, selectively test growth levers before scaling"
161,Pohutukawa Pub #161,Sushi,Casual Dining,Manukau,1.0247,33.68,2016,669,461,528,358,22531.92,16625.1,19723.65,12577.62,71458.29,0.3209,0.468,0.2719,4.0,3.73,1335.34,4756.49,-1010.81,-1199.2,1319.8,3866.28,0.3318,0.3422,0.392,0.2658,0.054105408903571586,0.7342,0.5086708624009895,0.7889,71.6,2065.7952,35.44558035714285,-0.9110243611564867,-0.7884483458872072,-0.7558043850600515,-0.0579498408669794,1.0662852561221923,2.306327711836982,1.5943408762454871,2,41.8,Aggregator-Dependent Low Margin,"Rebalance channels: shift volume toward in-store/self-delivery, renegotiate commission exposure"
162,Arataki Eatery #162,Cafe/Brunch,Casual Dining,East Auckland,1.0155,43.05,2111,767,524,393,427,33019.35,24429.35,17344.87,19289.74,94083.31,0.2945,0.3348,0.2766,9.3,2.03,866.81,12240.27,2298.8,1632.15,6283.9,22455.12,0.3633,0.3899,0.2924,0.3177,0.23867272526870068,0.6823,0.4440130773460245,0.6293,41.45631067961165,2143.7205000000004,44.568124111795356,-0.3837705751780981,-0.713663824381447,-0.6954700169495007,-0.6139161298407075,1.3069641994003836,-0.46307334517243326,0.029536000200426623,2,50.5,Aggregator-Dependent Low Margin,"Rebalance channels: shift volume toward in-store/self-delivery, renegotiate commission exposure"
163,Nikau Noodle House #163,Indian,QSR,Ponsonby,1.0231,30.25,6032,1719,2359,1020,934,51999.75,80016.86,34661.07,28419.06,195096.74,0.2685,0.2632,0.2769,7.5,3.67,3427.78,24351.48,15315.23,6634.13,9880.87,56181.71,0.285,0.547,0.2365,0.2166,0.28796847143627313,0.7835000000000001,0.5878003394623611,0.5317000000000001,109.88235294117646,6171.339199999999,32.34362400530504,1.4310561379431928,1.573738698001618,1.5995237819386803,1.3195489997684635,-4.41455031384841,1.2319612485495004,0.5888492058745691,4,71.4,High-Growth / High-Risk,Optimize: strong momentum but monitor cost burden; reinforce operational capacity ahead of scale
164,Nikau Noodle House #164,Pizza,Bar/Pub,Manukau,1.0116,30.21,2077,939,385,471,282,28367.19,12305.87,15036.93,8640.63,64350.62,0.2374,0.2915,0.2776,7.1,3.7,1043.4,13363.78,2381.19,2909.65,3027.2,21681.82,0.4521,0.3383,0.4139,0.2478,0.3369325734546147,0.7522,0.42490344304375005,0.5288999999999999,34.81481481481482,2101.0932000000003,30.982484352431392,-1.0931838178311688,-0.7402371752274516,-0.728336802729064,-0.3807560683778715,-1.7321692752020774,-1.1783828505364313,-2.497516876577266,1,55.9,Stable Local Performers,"Hold / stabilize: protect margin, selectively test growth levers before scaling"
165,Nikau Noodle House #165,Burgers,QSR,Manukau,1.0171,29.79,4383,1201,1312,1066,804,35777.79,43950.68,35209.07,24144.59,139082.13,0.3067,0.3162,0.2744,11.0,3.96,3183.84,13491.8,4513.73,3615.97,5921.08,27542.58,0.274,0.4123,0.335,0.2527,0.19803104827341947,0.7473000000000001,0.5691583095542181,0.6229,67.0,4457.949299999999,31.732176591375772,0.5048567830403821,0.7434774547193118,0.7600366332877835,1.202871081766479,-2.4319353114694486,1.2704757145955752,0.5916437594536724,4,58.1,High-Growth / High-Risk,Optimize: strong momentum but monitor cost burden; reinforce operational capacity ahead of scale
166,Kiwi Kitchen Co #166,Bar & Grill,QSR,North Shore,0.99,29.79,5342,1815,1385,1170,972,54068.85,43844.0,38463.61,30727.55,167104.01,0.2992,0.2313,0.2876,13.3,2.95,2867.4,25385.33,7975.22,6996.53,11559.18,51916.26,0.3398,0.3927,0.3317,0.2756,0.31068231097506277,0.7243999999999999,0.49255317092629913,0.5305,67.97202797202797,5288.58,31.28116997379259,0.9873223600749891,1.2417536289255608,1.1839509672375113,1.0401086787605758,-2.8575834889414846,-0.8082006617388494,-0.8982169396178684,4,59.3,High-Growth / High-Risk,Optimize: strong momentum but monitor cost burden; reinforce operational capacity ahead of scale
167,Ocean & Vine #167,Bakery/Desserts,QSR,Auckland CBD,1.0133,32.18,6077,2024,1586,1260,1207,65132.32,57405.87,44797.79,41438.72,208774.7,0.3065,0.2761,0.3026,8.3,5.31,6409.17,27186.23,6590.19,5142.79,10887.35,49806.56,0.3331,0.3913,0.3109,0.2978,0.23856607146363998,0.7021999999999999,0.48954044719020073,0.5826,129.78494623655914,6157.824100000001,34.354895507651804,1.6364848194214008,1.5947315265898518,1.5933931526868435,2.3747190478182962,-2.1938476966247156,-0.44274673141573784,1.408774697844839,4,66.4,High-Growth / High-Risk,Optimize: strong momentum but monitor cost burden; reinforce operational capacity ahead of scale
168,Blue Wave Sushi #168,Pizza,Fine Dining,South Auckland,0.99,44.04,761,441,89,105,126,19421.64,4042.18,5082.26,5631.81,34177.89,0.365,0.3424,0.2431,12.2,3.96,498.96,5682.77,200.09,251.57,1148.91,7283.34,0.5795,0.2781,0.3281,0.3938,0.21310092577394335,0.6062000000000001,0.2669690843993003,0.7074,9.545454545454547,753.39,44.91181340341656,-2.0086593290879624,-2.0183974114144747,-2.0330735365921604,-1.2630348535844393,5.13020074272321,-2.747283364719852,-0.9229190763896937,3,26.4,"Overextended, Low Return","Hold / stabilize: pause expansion, reduce cost burden and delivery radius before reinvesting"
169,Urban Burger Bar #169,Indian,QSR,Newmarket,0.9928,30.82,6175,2243,1728,1257,947,69129.26,54629.48,44345.88,29698.52,197803.14,0.2812,0.312,0.2485,9.7,3.16,2992.52,28121.78,8647.85,7019.95,9088.84,52878.42,0.3632,0.4395,0.3197,0.2408,0.26732851662516577,0.7592,0.500373047667494,0.5932,88.50467289719627,6130.54,32.032897165991905,1.4722503816896448,1.6401893596909782,1.5809962875176655,1.106138189756751,-2.5727328158649594,0.4044946582155502,-0.35824384176718777,4,58.2,High-Growth / High-Risk,Optimize: strong momentum but monitor cost burden; reinforce operational capacity ahead of scale
170,The Grill House #170,Italian,Bar/Pub,Newmarket,1.0272,38.17,2840,1512,593,305,430,57713.04,26023.19,12644.04,16837.49,113217.76,0.304,0.315,0.2275,6.4,1.84,791.2,21988.67,3994.56,1940.86,5623.88,33547.97,0.5324,0.4465,0.2297,0.3238,0.29631367022276367,0.6762,0.3415297211320909,0.619,58.108108108108105,2917.2479999999996,39.86540845070422,0.01508731547942795,-0.18702654462767485,-0.147421260378628,-0.7257946021479286,1.0044984165617232,-1.71039770194204,0.09013050240039823,0,53.1,Scalable Self-Delivery Leaders,"Optimize: invest in expansion capacity, replicate channel mix in new sites"
171,Spice Route #171,Korean BBQ,Casual Dining,Waitakere,1.0319,39.19,2840,1142,543,597,558,44754.98,24111.06,26091.73,22902.08,117859.85,0.312,0.3056,0.306,8.6,2.69,1501.02,17114.3,1842.08,1993.41,7256.74,28206.53,0.4021,0.3198,0.3516,0.3286,0.23932263616490262,0.6714,0.42595328264884097,0.6175999999999999,58.125,2930.596,41.49994718309859,0.10674545683122559,-0.18702654462767485,-0.13864583787775211,0.10027971773228303,0.7262825434564003,-0.9139637888581118,0.448532396025436,2,56.7,Aggregator-Dependent Low Margin,"Rebalance channels: shift volume toward in-store/self-delivery, renegotiate commission exposure"
172,Golden Wok #172,Bar & Grill,QSR,Waitakere,1.0324,33.11,5913,1586,1923,1389,1015,52512.46,72251.42,51127.24,35278.37,211169.49,0.287,0.3543,0.2875,8.5,4.37,4435.55,18836.22,5144.3,3640.26,8218.8,35839.58,0.2682,0.4444,0.321,0.2346,0.16971949877797216,0.7654000000000001,0.5842636642253576,0.6413,106.84210526315789,6104.5812,35.71274987316083,1.6717658079555486,1.5178545628159592,1.5691760792155451,1.7395062743447602,-2.476075167536221,2.133404940104324,1.5538365774171248,4,65.5,High-Growth / High-Risk,Optimize: strong momentum but monitor cost burden; reinforce operational capacity ahead of scale
173,Tui Table #173,Vegan/Plant-Based,QSR,South Auckland,1.0158,33.43,3864,1316,951,806,791,43993.88,36359.36,28311.07,27895.92,136560.23,0.3145,0.2346,0.2952,7.1,4.68,3701.88,19836.84,5661.15,4408.03,8876.39,38782.41,0.3406,0.3732,0.3163,0.3104,0.2839949083272634,0.6895,0.47356708464829034,0.5491,97.65432098765433,3925.0512000000003,35.341674430641824,0.4591871087342994,0.4515233168941292,0.4670124748043112,1.442823688457681,-1.7308179442429465,-1.1205490637625939,0.7584289789931903,4,64.3,High-Growth / High-Risk,Optimize: strong momentum but monitor cost burden; reinforce operational capacity ahead of scale
174,Gecko Cafe #174,Steakhouse,QSR,North Shore,1.0323,34.16,6803,1910,1661,1876,1356,65245.6,61107.65,67726.05,49675.31,243754.61,0.2449,0.3398,0.2371,11.0,4.43,6007.08,27096.5,10889.38,12068.78,14623.08,64677.74,0.2808,0.3395,0.3834,0.2771,0.26533955603957604,0.7229000000000001,0.528538516666413,0.5847,113.0,7022.7369,35.83045862119653,2.1336475658678444,1.9235299960792291,1.9731111505781607,2.2597753983141704,-2.6513376820539385,-0.04794294642835542,1.192272459553896,4,74.3,High-Growth / High-Risk,Optimize: strong momentum but monitor cost burden; reinforce operational capacity ahead of scale
175,Volcano Pizza #175,Thai,Casual Dining,Auckland CBD,1.0062,30.62,2447,760,693,456,538,23271.2,22435.31,15011.63,16862.39,77580.53,0.2963,0.3449,0.3335,10.3,3.66,1969.08,8349.71,567.61,379.79,4081.15,13378.26,0.3106,0.4108,0.2703,0.3189,0.1724435241677261,0.6811,0.4826847663969298,0.6412,47.610619469026545,2462.1714,31.704344094809972,-0.7611280740460806,-0.4614779589957267,-0.45956963599210543,0.4808404905127354,-0.6028716792672537,-0.28828998063722344,0.43136146392171926,4,47.0,High-Growth / High-Risk,Optimize: strong momentum but monitor cost burden; reinforce operational capacity ahead of scale
176,The Copper Pan #176,Sushi,Fine Dining,South Auckland,1.0,43.72,1129,613,199,126,191,26800.36,9021.35,5817.76,8790.6,50430.07,0.3794,0.5301,0.2617,3.9,1.42,271.22,2425.43,-1544.46,-996.0,524.33,409.3,0.543,0.3857,0.2442,0.3702,0.008116189408422396,0.6299,0.2942512274918516,0.9095,38.97959183673469,1129.0,44.66790965456156,-1.4811808987284873,-1.5931039815439871,-1.5969688577281802,-1.9066123281500622,6.539232404285352,0.34845008156638935,1.753607002336958,3,17.2,"Overextended, Low Return","Hold / stabilize: pause expansion, reduce cost burden and delivery radius before reinvesting"
177,Gecko Cafe #177,Mexican,QSR,South Auckland,0.9956,29.79,5422,1898,1160,1480,884,56541.42,37499.13,47073.01,27513.56,168627.12,0.2479,0.3375,0.285,3.7,3.34,2952.56,23442.07,4859.89,6100.66,8454.56,42857.18,0.3501,0.3292,0.42,0.2509,0.2541535430362566,0.7492,0.5015334425447104,0.5854,188.08510638297872,5398.1432,31.10053854666175,1.0123631334829015,1.2812726491426443,1.237315013927518,1.0852992319367547,-2.9665212199375612,-0.07863818213798862,0.6508537549690995,4,64.4,High-Growth / High-Risk,Optimize: strong momentum but monitor cost burden; reinforce operational capacity ahead of scale
178,Ponsonby Pizza Co #178,Mexican,Bar/Pub,North Shore,1.008,36.13,1558,780,323,274,181,28181.4,12237.22,10600.76,6699.53,57718.91,0.2935,0.2896,0.3056,11.0,1.43,258.83,11748.83,1362.0,1179.86,2534.2,16824.89,0.5006,0.4152,0.3522,0.2326,0.29149701544952944,0.7674000000000001,0.39567587121794223,0.5831,15.083333333333334,1570.464,37.046797175866494,-1.2722715488485021,-1.1758387815393556,-1.1692257383366564,-1.9530352305987237,0.08198015715625032,-0.027599136945011635,-2.9463468845180567,1,44.1,Stable Local Performers,"Hold / stabilize: protect margin, selectively test growth levers before scaling"
179,The Brass Fork #179,Burgers,QSR,West Auckland,1.0129,31.98,3809,1621,901,705,582,51839.58,32894.66,24766.73,19963.49,129464.46,0.3453,0.2541,0.2504,6.6,1.16,675.12,20766.94,4940.78,3719.96,7322.25,36749.93,0.4256,0.4118,0.3222,0.266,0.28386114614002944,0.734,0.4453839300762541,0.5993999999999999,76.57894736842105,3858.1360999999997,33.98909425045944,0.32842165001184404,0.419495047070633,0.42885232084920677,-0.9158609672543491,-1.3512774864347887,-0.09514674620687935,-0.019331343859616656,4,57.7,High-Growth / High-Risk,Optimize: strong momentum but monitor cost burden; reinforce operational capacity ahead of scale
180,Karaka Kebabs #180,Bar & Grill,Fine Dining,Auckland CBD,0.99,47.23,987,582,153,136,116,27487.86,7374.47,6735.36,5520.53,47118.22,0.3389,0.4803,0.2636,10.6,3.06,354.96,4969.81,-610.61,-557.69,643.15,4444.66,0.5897,0.3778,0.3358,0.2864,0.09432996407759037,0.7136,0.29945592172200053,0.8191999999999999,10.0,977.13,47.73882472137792,-1.580985569554201,-1.7478192312312693,-1.7629970352087148,-1.6314827270742904,5.783568379536294,0.8230750733220361,-1.499151074333988,3,17.0,"Overextended, Low Return","Hold / stabilize: pause expansion, reduce cost burden and delivery radius before reinvesting"
181,Hibiscus Grill #181,Pizza,Bar/Pub,Waitakere,1.0012,40.16,2286,1043,431,495,317,41886.88,17977.36,22355.31,13455.86,95675.41,0.2688,0.3269,0.2854,12.2,3.38,1071.46,16934.87,2137.51,2658.05,4368.74,26099.17,0.4563,0.3467,0.3982,0.255,0.2727886925177535,0.7449,0.4215573259628571,0.5957,24.015151515151516,2288.7432000000003,41.852760279965004,-0.34914902948218657,-0.5800635673461034,-0.5860207057514076,-0.3467304951874592,0.672699233656852,-0.22577718861612278,-2.4559739330689263,1,45.2,Stable Local Performers,"Hold / stabilize: protect margin, selectively test growth levers before scaling"
182,Ponsonby Pizza Co #182,Vegan/Plant-Based,Fine Dining,Newmarket,0.9958,45.71,642,338,135,73,96,15449.98,6491.99,3593.36,4643.68,30179.01,0.3836,0.4415,0.35,5.1,3.79,363.84,2702.2,-1136.75,-629.2,448.34,1384.59,0.5265,0.4441,0.2401,0.3158,0.04587923858337301,0.6842,0.3341842558785063,0.8251,15.737704918032788,639.3036,47.007803738317754,-2.15646654837454,-2.1767377069853024,-2.1862919820916793,-1.6055218820707087,5.706735603968632,1.1341562173746231,0.002998545420898655,3,19.2,"Overextended, Low Return","Hold / stabilize: pause expansion, reduce cost burden and delivery radius before reinvesting"
183,Fenwick's Bistro #183,Mexican,Casual Dining,Waitakere,1.033,36.25,3078,1019,659,743,657,36938.75,24984.39,29945.26,25560.22,117428.62,0.306,0.4436,0.289,4.6,3.35,2200.95,9249.46,-964.4,-1155.89,4199.33,11328.5,0.3311,0.3201,0.3609,0.3191,0.09647137128921382,0.681,0.467770548610722,0.7496,117.32142857142858,3179.5739999999996,38.15094866796621,0.09830626089293987,-0.029755720532561935,0.021539025352756067,0.6424933434257971,1.0076988189150589,0.7682211770600286,2.6272589194282356,2,51.7,Aggregator-Dependent Low Margin,"Rebalance channels: shift volume toward in-store/self-delivery, renegotiate commission exposure"
184,Volcano Pizza #184,Pizza,Bar/Pub,East Auckland,1.0154,37.7,2706,1157,608,550,391,43618.9,24052.81,21369.23,15352.24,104393.18,0.286,0.3026,0.3282,15.4,3.38,1321.58,17944.82,2001.19,1777.92,4994.33,26718.26,0.4276,0.3925,0.3551,0.2524,0.2559387500217926,0.7476,0.4351054350485348,0.5886,23.84146341463415,2747.6724000000004,38.57841093865484,-0.16438571067000723,-0.27840097203814357,-0.2606950096175834,-0.07179953796581921,-0.17282269306476317,0.12108456863056631,-2.0861623039553323,1,49.0,Stable Local Performers,"Hold / stabilize: protect margin, selectively test growth levers before scaling"
185,Fenwick's Bistro #185,Thai,QSR,East Auckland,1.0122,30.15,5252,1319,1211,1400,1322,39767.85,40355.82,45633.04,40883.85,166640.56,0.2799,0.3046,0.3162,10.7,1.72,2273.84,16523.54,4007.33,4531.36,14713.4,39775.63,0.2511,0.3079,0.356,0.3361,0.2386911685846471,0.6638999999999999,0.5160139884311479,0.5845,112.991452991453,5316.0743999999995,31.72897182025895,0.9796808055669366,1.1969492804235762,1.1973937381342066,0.6904326003181933,-2.36797735848031,-1.0708982822642696,1.4793682240283366,4,65.2,High-Growth / High-Risk,Optimize: strong momentum but monitor cost burden; reinforce operational capacity ahead of scale
186,The Copper Pan #186,Pizza,QSR,South Auckland,1.0157,32.0,5173,1817,1186,1158,1012,58144.0,40326.91,37933.06,34528.44,170932.41,0.2857,0.3477,0.291,8.0,2.68,2712.16,21315.59,3048.71,2867.74,9945.97,37178.01,0.3512,0.3534,0.3451,0.3015,0.21750123338224742,0.6985,0.4578416111959107,0.6334,112.44444444444444,5254.216100000001,33.043187705393386,1.0500534402115553,1.157312472474686,1.1671005239497705,0.9548309833132987,-1.3605138021591114,-0.3867797888470865,1.1398321928248158,4,60.5,High-Growth / High-Risk,Optimize: strong momentum but monitor cost burden; reinforce operational capacity ahead of scale
187,Ponsonby Pizza Co #187,Steakhouse,QSR,North Shore,1.0127,35.45,3703,1115,1124,927,537,39526.75,43828.51,36406.93,20210.54,139972.73,0.276,0.3405,0.2503,6.2,1.14,612.18,15158.51,5837.96,4849.4,7138.56,32984.43,0.3011,0.4343,0.3582,0.2075,0.235648972481997,0.7925,0.5732219411595387,0.6165,74.58333333333333,3750.0280999999995,37.79981906562247,0.5208877460893289,0.3571272209725153,0.3664982311445031,-1.0303550882701418,-1.943183986411366,2.0630202762647216,-0.21886901410396048,4,55.9,High-Growth / High-Risk,Optimize: strong momentum but monitor cost burden; reinforce operational capacity ahead of scale
188,Little Saigon #188,Korean BBQ,Casual Dining,Manukau,1.003,36.05,3056,1009,758,747,542,36374.45,31034.94,28671.2,20321.16,116401.75,0.3303,0.372,0.3118,7.7,0.89,482.38,10828.67,-437.59,-404.26,5567.23,15554.05,0.3302,0.3703,0.3649,0.2648,0.13362385015689196,0.7352000000000001,0.5129316354779889,0.7022999999999999,62.298850574712645,3065.1679999999997,38.08957787958115,0.07814899085032877,-0.044039510556681864,-0.051260923055705364,-1.3006462236018248,0.2909852063922528,1.7292081318950892,0.39334928135701136,2,44.2,Aggregator-Dependent Low Margin,"Rebalance channels: shift volume toward in-store/self-delivery, renegotiate commission exposure"
189,Southern Smoke BBQ #189,Pizza,Casual Dining,Manukau,0.99,40.82,2313,973,507,378,455,39717.86,22730.8,17642.66,19714.02,99805.34,0.3547,0.3656,0.2351,5.3,3.61,1642.55,11109.09,1013.79,786.86,3871.46,16781.2,0.4207,0.3784,0.2821,0.3396,0.1681392999613047,0.6605000000000001,0.404522042608141,0.7202999999999999,72.22222222222223,2289.87,43.14973627323822,-0.2606345110649748,-0.5598997577515453,-0.5851840281665968,0.22451905414635745,2.589143691429037,-0.4370869886542185,1.164999124389913,2,38.3,Aggregator-Dependent Low Margin,"Rebalance channels: shift volume toward in-store/self-delivery, renegotiate commission exposure"
190,Ocean & Vine #190,Chinese,Casual Dining,Auckland CBD,1.0037,40.37,3203,1437,533,697,536,58011.69,23890.33,29886.27,22102.03,133890.32,0.3145,0.2931,0.328,12.6,1.97,1055.92,22763.79,1538.54,1924.68,7616.92,33843.93,0.4486,0.3018,0.3947,0.3035,0.25277353881893777,0.6965,0.4016466612373471,0.6076,39.411764705882355,3214.8511000000003,41.80153605994381,0.41038425688623453,0.050477125439866426,0.0437230876896165,-0.36548318777861866,1.007153231040371,-0.8218064390528474,-1.3317999148293922,1,47.3,Stable Local Performers,"Hold / stabilize: protect margin, selectively test growth levers before scaling"
191,Volcano Pizza #191,Bakery/Desserts,Bar/Pub,East Auckland,0.9908,32.66,2014,990,359,285,380,32333.4,12516.55,10176.5,12996.1,68022.55,0.2219,0.2872,0.286,6.8,3.76,1428.8,15872.47,2564.64,2085.16,4950.99,25473.26,0.4916,0.3506,0.2783,0.3711,0.3744825796739463,0.6289,0.3336106923365854,0.5091,48.71794871794872,1995.4712,33.774851042701094,-0.9979109547727022,-0.7900409571776923,-0.8112327908392403,0.03315529131635099,-0.17442706867612964,-4.374306198123269,-1.544821047821247,0,52.5,Scalable Self-Delivery Leaders,"Optimize: invest in expansion capacity, replicate channel mix in new sites"
192,Waterfront Grill #192,Indian,QSR,West Auckland,0.9932,35.41,5367,1604,1479,1341,943,56797.64,54506.36,50023.37,35702.82,197030.19,0.2675,0.3159,0.2005,13.3,4.02,3790.86,23661.9,11778.82,10810.05,11082.93,57333.7,0.2989,0.393,0.3564,0.2506,0.29098941639349785,0.7494000000000001,0.5305264639901124,0.5834,65.94405594405595,5330.5044,36.711419787590835,1.46051360985222,1.254134038004295,1.2044351223850625,1.481238372783523,-2.056374463297382,0.2532848801177966,-0.5806349371266434,4,58.3,High-Growth / High-Risk,Optimize: strong momentum but monitor cost burden; reinforce operational capacity ahead of scale
193,Waterfront Grill #193,Pizza,Casual Dining,North Shore,1.0137,40.44,2272,863,504,525,380,34899.72,21638.82,23367.15,15758.12,95663.81,0.3318,0.3731,0.2698,8.1,2.12,805.6,10298.91,547.46,591.19,3844.62,15282.18,0.3798,0.3577,0.3726,0.2697,0.15974881201156427,0.7303,0.4704597276650387,0.7049,41.75824175824176,2303.1264,42.10555017605634,-0.3494002555471383,-0.5905644419042972,-0.5753561497257755,-0.7038340223614573,1.4611136828286089,1.328835492184374,0.04132000682140968,2,43.5,Aggregator-Dependent Low Margin,"Rebalance channels: shift volume toward in-store/self-delivery, renegotiate commission exposure"
194,Urban Burger Bar #194,Italian,QSR,Devonport,1.0179,32.36,4215,1161,1205,1220,629,37569.96,44661.81,42665.78,21141.83,146039.38,0.3553,0.3037,0.2996,5.8,3.45,2170.05,12811.36,1849.0,1766.36,5039.31,21466.03,0.2754,0.3946,0.3995,0.206,0.14698795626220817,0.7941,0.5979728892302884,0.659,92.5,4290.4485,34.64753973902729,0.6287841367530511,0.6509073058044084,0.6699087771034125,0.621778566029553,-2.067789167998621,3.040094611482734,0.9297093604756356,4,54.2,High-Growth / High-Risk,Optimize: strong momentum but monitor cost burden; reinforce operational capacity ahead of scale
195,Hibiscus Grill #195,Italian,QSR,Manukau,0.99,29.79,5997,1726,1608,1387,1276,51417.54,52732.57,44135.91,40904.13,189190.15,0.3118,0.352,0.2729,8.0,2.07,2641.32,17286.58,3337.97,2793.8,11110.65,34529.0,0.2878,0.3765,0.3247,0.2988,0.18250950168388788,0.7012,0.5120165082590188,0.6638,141.77777777777777,5937.03,31.54746539936635,1.3401674518973146,1.557358259145894,1.4922730946822889,0.9145857385267079,-1.8474082085766672,0.26774184095417786,1.8656702690276736,4,56.1,High-Growth / High-Risk,Optimize: strong momentum but monitor cost burden; reinforce operational capacity ahead of scale
196,Golden Wok #196,Seafood,Casual Dining,Waitakere,1.0042,34.99,2605,1033,397,617,558,36144.67,14669.99,22592.27,20771.19,94178.12,0.3084,0.3206,0.3015,3.0,0.89,496.62,13409.67,1019.56,1570.16,7209.49,23208.88,0.3965,0.2525,0.3925,0.355,0.2464360087035078,0.645,0.39565729279794504,0.629,139.5,2615.941,36.152829174664106,-0.3817008490108139,-0.34873539461975306,-0.3511114304974347,-1.268280753865061,0.3296261574663412,-1.9478675764548723,1.2530201672861039,0,54.6,Scalable Self-Delivery Leaders,"Optimize: invest in expansion capacity, replicate channel mix in new sites"
197,Urban Burger Bar #197,Indian,Food Truck,Devonport,1.0249,29.79,1571,663,335,242,331,19750.77,10764.24,7457.88,10560.22,48533.11,0.313,0.2382,0.2545,9.1,2.94,973.14,8864.15,2091.49,1449.07,3766.29,16171.0,0.422,0.3689,0.2665,0.3645,0.3331952145658912,0.6354,0.37545749695414116,0.5512,32.772277227722775,1610.1179,30.89313176320815,-1.537939465704364,-1.1641323822923577,-1.133931444514185,-0.4693510951372122,-0.5904171580415537,-3.117704434471145,-0.07515257711087688,0,57.1,Scalable Self-Delivery Leaders,"Optimize: invest in expansion capacity, replicate channel mix in new sites"
198,Spice Route #198,Bakery/Desserts,Casual Dining,Newmarket,1.0219,39.9,3399,1227,690,757,725,48957.3,31071.95,31279.1,29819.04,141127.39,0.3128,0.3894,0.2408,8.9,2.28,1653.0,14579.48,1771.1,1782.91,7227.11,25360.6,0.361,0.3177,0.3485,0.3338,0.17970005680683243,0.6661999999999999,0.4418068668314492,0.7022,73.23232323232322,3473.4381000000003,41.52026772580171,0.5415975925049127,0.17327843209472318,0.202770320941754,0.23334113824223252,1.375896888053074,-0.23797166269459266,1.4942188996411114,2,50.9,Aggregator-Dependent Low Margin,"Rebalance channels: shift volume toward in-store/self-delivery, renegotiate commission exposure"
199,Urban Burger Bar #199,Italian,QSR,Ponsonby,1.0274,29.79,6828,1582,2241,1356,1649,47127.78,73895.81,46449.48,53039.87,220512.94,0.2887,0.2648,0.2779,12.4,2.32,3825.68,21042.55,12458.83,7831.38,19856.62,61189.38,0.2317,0.4272,0.2585,0.3143,0.2774865728968105,0.6857,0.5457516007904117,0.5535,123.05970149253731,7015.087200000001,32.295392501464555,1.8075768267823962,1.9345404035359428,1.9698581488445868,1.496070676973095,-3.6334180532604536,-0.6134956649700118,2.0746711621820313,4,75.2,High-Growth / High-Risk,Optimize: strong momentum but monitor cost burden; reinforce operational capacity ahead of scale
200,Hibiscus Grill #200,Indian,Casual Dining,Waitakere,1.0066,39.53,3176,1094,713,661,708,43245.82,30802.84,28052.46,28328.83,130429.95,0.2912,0.4516,0.2809,3.0,4.97,3518.76,11122.82,-730.03,-664.84,3767.42,13495.37,0.3445,0.3425,0.3175,0.3401,0.10346833683521309,0.66,0.4512406851340509,0.7428,177.0,3196.9615999999996,41.06736460957179,0.34641728955137013,0.03327752636347022,0.03248846513361876,1.3613318995582415,1.4972060140017478,0.019466429419307353,3.0440254390634047,2,48.3,Aggregator-Dependent Low Margin,"Rebalance channels: shift volume toward in-store/self-delivery, renegotiate commission exposure"
201,Urban Burger Bar #201,Bakery/Desserts,QSR,Ponsonby,0.9993,29.79,4222,1486,1095,711,930,44267.94,37026.08,21609.62,28854.49,131758.13,0.3423,0.3454,0.2695,13.6,1.12,1041.6,13824.88,1584.72,924.89,7969.66,24304.15,0.352,0.4002,0.2599,0.3399,0.18446034411690573,0.6601,0.44502528990051693,0.6877,63.6986301369863,4219.0446,31.207515395547134,0.3710667041860229,0.6547998180796016,0.6309566861284526,-0.3829641303954252,-0.30340000795656047,-0.6131570345019539,1.1459745886284052,4,45.8,High-Growth / High-Risk,Optimize: strong momentum but monitor cost burden; reinforce operational capacity ahead of scale
202,The Brass Fork #202,Korean BBQ,Bar/Pub,East Auckland,0.99,35.29,2301,1091,384,469,357,38501.39,15007.01,18932.38,13081.58,85522.36,0.2,0.3545,0.3168,12.4,3.22,1149.54,17152.37,1931.4,2436.6,4678.3,26198.67,0.4741,0.3174,0.3876,0.295,0.3063370795660924,0.7050000000000001,0.3968481459117826,0.5545,26.64179104477612,2277.99,37.16747501086484,-0.575072976294412,-0.5688472512847916,-0.5940155602713327,-0.25573598341295173,0.042965628183348877,-1.9886651185351034,-2.9825950070109712,1,45.2,Stable Local Performers,"Hold / stabilize: protect margin, selectively test growth levers before scaling"
203,Fenwick's Bistro #203,Italian,Casual Dining,Newmarket,1.0112,38.38,3226,1222,858,654,492,46900.36,36340.11,25667.73,20089.1,128997.3,0.3439,0.4697,0.2545,13.9,1.71,841.32,8742.23,-2474.76,-1747.97,2903.29,7422.79,0.3788,0.4281,0.3263,0.2455,0.057542212123819644,0.7544,0.48069099120679265,0.8136,33.02013422818792,3262.1312000000003,39.98676379417235,0.3196907040523173,0.06507313495253436,0.073266198355984,-0.6507108400206614,1.9193178577863563,2.9555985156667597,0.4038810308736351,2,32.6,Aggregator-Dependent Low Margin,"Rebalance channels: shift volume toward in-store/self-delivery, renegotiate commission exposure"
204,Volcano Pizza #204,Burgers,QSR,Devonport,1.0177,40.56,4893,1618,1218,1076,981,65626.08,51608.86,46890.27,42681.63,206806.84,0.2861,0.2251,0.2894,9.3,3.8,3727.8,32078.03,10290.81,9349.92,17134.98,68853.74,0.3307,0.3719,0.3285,0.2995,0.33293744056047664,0.7004,0.47628564896596265,0.5112,95.24271844660194,4979.6061,42.265857347230735,1.6073447874909788,1.014401800002854,1.0304249980011793,1.454091084415623,-1.5302856582856799,-1.1161955745989869,0.19776939641168192,4,70.5,High-Growth / High-Risk,Optimize: strong momentum but monitor cost burden; reinforce operational capacity ahead of scale
205,The Copper Pan #205,Steakhouse,QSR,Waitakere,1.0313,29.79,4079,1156,862,1100,961,34437.24,26547.71,36480.81,30302.69,127768.45,0.2877,0.2996,0.282,13.0,3.13,3007.93,14212.25,3469.79,4768.04,9497.99,31948.07,0.2834,0.2949,0.3763,0.3288,0.25004662731683763,0.6712,0.4933026893571926,0.5872999999999999,68.64285714285714,4206.6727,31.323473890659475,0.2966499316313416,0.5746479160039867,0.6241743497576799,1.1141137524952676,-1.9592750982370444,-1.129434304104643,0.9103240542679982,4,63.9,High-Growth / High-Risk,Optimize: strong momentum but monitor cost burden; reinforce operational capacity ahead of scale
206,Southern Smoke BBQ #206,Steakhouse,QSR,Newmarket,1.0285,37.15,6346,1983,1774,1746,843,73668.45,75491.07,73873.36,32887.87,255920.75,0.3508,0.3183,0.2333,4.4,3.22,2714.46,24376.89,7367.93,7210.04,8168.14,47123.0,0.3125,0.4066,0.4002,0.1932,0.1841312203094122,0.8068,0.58363548090571,0.6691,156.11111111111111,6526.861,40.32788370627167,2.2982552936813843,1.718676837931393,1.758459387522541,0.9561231927819516,-2.0125043893822068,3.2020939205930077,1.9419581130485477,4,64.3,High-Growth / High-Risk,Optimize: strong momentum but monitor cost burden; reinforce operational capacity ahead of scale
207,Rangitoto Roast #207,Sushi,Food Truck,Manukau,1.008,30.52,1495,728,283,292,192,22218.56,9482.32,9915.98,6060.21,47677.07,0.2686,0.2043,0.2404,12.0,1.76,337.92,11711.4,2718.58,2842.91,2856.42,20129.31,0.487,0.369,0.3807,0.2503,0.4222010706614312,0.7497,0.406868542886549,0.4729,14.76923076923077,1506.96,31.891016722408025,-1.5639086164782963,-1.2332544161104406,-1.2266844031567083,-1.6828180029877073,-1.9399778122523883,-1.9495380190790608,-3.5054416952018173,1,56.0,Stable Local Performers,"Hold / stabilize: protect margin, selectively test growth levers before scaling"
208,Pohutukawa Pub #208,Seafood,Cafe,Devonport,0.99,32.44,3496,1406,887,729,474,45610.64,30904.69,25547.08,16004.32,118066.73,0.2596,0.365,0.2804,6.8,1.96,929.04,17122.23,2935.95,2426.97,5078.98,27564.13,0.4022,0.4244,0.3488,0.2268,0.2334622971263793,0.7732,0.4781344414298592,0.6246,60.769230769230774,3461.04,33.77194794050343,0.11078873791511952,0.23277845573653835,0.19528200663430753,-0.5276630719015771,-1.2045233291491855,0.8240681496055251,-1.3802654171607092,1,46.1,Stable Local Performers,"Hold / stabilize: protect margin, selectively test growth levers before scaling"
209,Southern Smoke BBQ #209,Mexican,Fine Dining,West Auckland,0.9922,45.41,1151,612,139,191,209,27790.92,6921.56,9945.49,9877.38,54535.35,0.3461,0.3947,0.3394,3.7,3.82,798.38,7203.41,-555.11,-797.63,1761.84,7612.51,0.5317,0.2579,0.3544,0.3878,0.13958854211075936,0.6123000000000001,0.30928654533252287,0.7408,44.46808510638298,1142.0221999999999,47.38084274543875,-1.3618252537948559,-1.5699998277583067,-1.5832651072153034,-0.7148044197233535,5.232492738391067,-1.6460173281865715,0.21066434750991112,3,29.7,"Overextended, Low Return","Hold / stabilize: pause expansion, reduce cost burden and delivery radius before reinvesting"
210,Tui Table #210,Pizza,Casual Dining,Newmarket,1.0093,39.56,2793,991,702,478,622,39203.96,28549.7,19384.53,24646.42,111784.61,0.3324,0.4145,0.2974,5.6,4.75,2954.5,9922.52,-1264.75,-858.73,3283.51,11082.55,0.3548,0.3896,0.2653,0.3452,0.09914200174782556,0.6549,0.42880884944716446,0.7468999999999999,94.24242424242425,2818.9749,40.0231328320802,-0.013580954493767148,-0.2188322913592639,-0.21265401715345972,1.0863162359710754,2.0639545844995095,0.14114679010769215,2.302447361767558,2,43.0,Aggregator-Dependent Low Margin,"Rebalance channels: shift volume toward in-store/self-delivery, renegotiate commission exposure"
211,Southern Smoke BBQ #211,Bar & Grill,Casual Dining,Waitakere,1.003,37.46,2490,945,580,533,432,35399.7,24483.42,22927.08,16833.97,99644.17,0.3067,0.4329,0.2282,9.5,3.33,1438.56,9218.08,788.37,738.25,2945.01,13689.71,0.3795,0.3754,0.345,0.2796,0.1373859604631159,0.7203999999999999,0.4757980321377558,0.7396,41.142857142857146,2497.47,40.01773895582329,-0.26405472963432686,-0.43045294873738565,-0.43438112494484593,0.04238628513643757,1.500156349605459,1.1504355419438843,0.2261188824068684,2,38.1,Aggregator-Dependent Low Margin,"Rebalance channels: shift volume toward in-store/self-delivery, renegotiate commission exposure"
212,Gecko Cafe #212,Sushi,QSR,Devonport,1.0033,37.09,4810,1532,1319,1069,890,56821.88,51277.97,44820.3,35270.55,188190.7,0.2528,0.3136,0.2,6.6,1.81,1610.9,24637.97,11978.53,10470.02,13682.41,60768.93,0.3185,0.4024,0.3261,0.2715,0.32291144036341857,0.7284999999999999,0.5106430339012502,0.5664,117.10526315789474,4825.8730000000005,39.12488565488566,1.3246513604564296,0.9712795602416905,0.9522703017017399,0.19751704565253883,-1.9622305112753469,-0.3865468412847308,0.4457636484855469,4,66.0,High-Growth / High-Risk,Optimize: strong momentum but monitor cost burden; reinforce operational capacity ahead of scale
213,Tui Table #213,Vegan/Plant-Based,Bar/Pub,East Auckland,1.0058,34.4,2103,984,544,297,278,33849.6,21045.15,11654.93,10105.83,76655.51,0.234,0.2474,0.302,10.8,3.17,881.26,17554.4,4558.38,2524.46,4359.62,28996.86,0.4679,0.4861,0.2654,0.2484,0.3782749602735668,0.7515000000000001,0.4265848599794066,0.48140000000000005,23.559322033898304,2115.1974,36.450551592962434,-0.7833943481657751,-0.7198975547155471,-0.7174256788443725,-0.593448065796972,-1.6257133131777477,-1.3092525158038242,-3.049761944847292,1,55.9,Stable Local Performers,"Hold / stabilize: protect margin, selectively test growth levers before scaling"
214,The Copper Pan #214,Thai,Cafe,Ponsonby,0.9974,34.96,2615,1047,567,507,494,36603.12,21595.81,18666.26,18369.61,95234.8,0.3184,0.3017,0.2771,3.2,5.31,2623.14,13905.53,2220.05,1918.89,4355.47,22399.94,0.4004,0.3616,0.3233,0.3151,0.235207508179783,0.6849,0.42276636271615,0.6201000000000001,117.61904761904762,2608.201,36.41866156787763,-0.35870201605330965,-0.3417131569383153,-0.3564936159860739,0.9041154460928651,-0.009058306150940566,-1.0779531032998733,0.8229870083925531,0,51.7,Scalable Self-Delivery Leaders,"Optimize: invest in expansion capacity, replicate channel mix in new sites"
215,Rangitoto Roast #215,Burgers,Casual Dining,Auckland CBD,0.9966,35.74,3049,1154,711,698,486,41243.96,26833.0,25907.45,17912.25,111896.66,0.3222,0.4082,0.3142,3.0,2.91,1414.26,11119.37,-1196.75,-1155.47,3414.88,12182.03,0.3785,0.3752,0.3683,0.2565,0.1088685757019021,0.7435,0.47133176271749305,0.7303999999999999,121.5,3038.6334,36.69946211872745,-0.011333074407768385,-0.048594826114654155,-0.06833785324278671,0.019307459606676274,0.5487279226927885,1.6866322687800743,0.9481906383103441,2,42.9,Aggregator-Dependent Low Margin,"Rebalance channels: shift volume toward in-store/self-delivery, renegotiate commission exposure"
216,Kowhai Kitchen #216,Bakery/Desserts,Casual Dining,North Shore,1.0107,37.79,3160,1239,899,583,439,46821.81,34786.1,24372.01,17291.86,123271.78,0.3335,0.3811,0.2536,14.3,4.41,1935.99,13362.94,1106.2,775.03,2999.11,18243.28,0.3921,0.468,0.3035,0.2285,0.1479923466668527,0.7715000000000001,0.47989986029243675,0.7146,28.692810457516337,3193.812,39.01005696202532,0.21139775844671188,0.023051625647067378,0.030507278510381226,0.456519094702325,0.6298331978058467,2.181968151786371,-0.5519540805128277,2,38.8,Aggregator-Dependent Low Margin,"Rebalance channels: shift volume toward in-store/self-delivery, renegotiate commission exposure"
217,Golden Wok #217,Sushi,Casual Dining,Manukau,1.0,34.25,2264,933,427,414,490,31955.25,16468.32,15413.99,16827.46,80665.02,0.3122,0.2453,0.2905,12.7,1.99,975.1,14140.2,2503.18,2342.93,6471.05,25457.36,0.4121,0.3208,0.311,0.3681,0.31559354971956866,0.6317999999999999,0.3952433161238911,0.5575,35.76642335766424,2264.0,35.629425795053,-0.6878059820941163,-0.5965790621498993,-0.604445082648047,-0.4668098962341097,0.09286264712644096,-2.900302796307119,-0.6958477410796899,0,50.3,Scalable Self-Delivery Leaders,"Optimize: invest in expansion capacity, replicate channel mix in new sites"
218,Golden Wok #218,Steakhouse,Bar/Pub,Devonport,1.0057,37.59,1952,848,530,327,247,31876.32,20778.18,13373.77,9569.21,75597.48,0.2402,0.4021,0.3054,5.8,2.75,679.25,11402.16,1086.7,699.45,2743.66,15931.97,0.4344,0.4801,0.2962,0.2237,0.21074736882763817,0.7763,0.45176042905133873,0.6423,36.32352941176471,1963.1264,38.72821721311475,-0.809024416998298,-0.8397989145454929,-0.8370525267926285,-0.9086571856144604,0.251598527392394,1.1423255786215967,-1.693906166311694,1,42.9,Stable Local Performers,"Hold / stabilize: protect margin, selectively test growth levers before scaling"
219,The Copper Pan #219,Sushi,QSR,Ponsonby,1.0161,37.06,6470,1811,1655,1818,1186,67115.66,62974.05,76821.1,45621.33,252532.14,0.3503,0.3068,0.2666,9.5,3.48,4127.28,23013.96,4804.92,5861.45,11516.27,45196.6,0.2799,0.3552,0.3902,0.2546,0.17897365460095493,0.7454000000000001,0.5535736956095966,0.6571,112.95238095238095,6574.167,39.031242658423494,2.2528001539726783,1.7749504810449808,1.779279403190248,1.6201313250738898,-1.4077930176561189,1.7983643393570903,1.6463761930917276,4,62.7,High-Growth / High-Risk,Optimize: strong momentum but monitor cost burden; reinforce operational capacity ahead of scale
220,The Brass Fork #220,Korean BBQ,Casual Dining,East Auckland,0.99,37.73,1839,756,418,380,285,28523.88,17636.3,15779.89,10972.59,72912.66,0.3144,0.339,0.2672,13.1,3.24,923.4,9886.38,1400.32,1252.92,2879.7,15419.32,0.4111,0.386,0.3509,0.2632,0.21147658033598005,0.7369,0.4583043603127358,0.6534,20.21276595744681,1820.61,39.64799347471452,-0.8748629541222989,-0.9325046044056869,-0.9534233144515569,-0.5352826623547369,0.9435519955312708,0.5016869400133834,-1.654617803587866,1,37.0,Stable Local Performers,"Hold / stabilize: protect margin, selectively test growth levers before scaling"
221,Spice Route #221,Vegan/Plant-Based,Cafe,Waitakere,0.9978,30.31,3434,1552,769,662,451,47041.12,24835.22,21277.93,13703.97,106858.24,0.2667,0.3997,0.2808,11.0,1.96,883.96,15692.92,1311.3,1123.47,3687.68,21815.37,0.452,0.4086,0.3518,0.2396,0.2041524359749889,0.7604,0.4315357430554724,0.6664,37.583333333333336,3426.4452,31.117716948165405,-0.11352684820393824,0.19484152615106484,0.17431627121087878,-0.5896539896374018,-0.5587950201880288,0.5950537015562399,-1.61626717489889,1,41.3,Stable Local Performers,"Hold / stabilize: protect margin, selectively test growth levers before scaling"
222,The Copper Pan #222,Mexican,Cafe,Manukau,1.0266,29.79,3414,1312,766,719,617,39084.48,24430.48,22961.36,19395.63,105871.95,0.3129,0.3161,0.2963,10.0,1.91,1178.47,14500.34,1824.96,1715.21,6017.31,24057.82,0.3843,0.3644,0.3421,0.2935,0.22723507029010045,0.7065,0.4476335799992349,0.629,56.09090909090909,3504.8124,31.011115992970122,-0.13380613969239996,0.182532909470781,0.22166085965398405,-0.223299865552984,-1.1203907840955443,-0.29024751176733593,0.19911145632977245,4,55.6,High-Growth / High-Risk,Optimize: strong momentum but monitor cost burden; reinforce operational capacity ahead of scale
223,Gecko Cafe #223,Thai,QSR,Newmarket,0.9946,31.2,5762,1918,1664,1206,974,59841.6,54622.64,39032.74,31446.54,184943.52,0.2783,0.2656,0.2796,13.3,3.89,3788.86,27293.75,9640.9,6889.28,10553.91,54377.84,0.3329,0.4329,0.3137,0.2534,0.29402403501350033,0.7465999999999999,0.5063998998180634,0.5439,68.1118881118881,5730.885200000001,32.09710517181534,1.2739592589919484,1.4461497120385145,1.3961590955344032,1.4803830573675785,-2.9208110910989453,-0.14913550550518745,-0.8857388256272828,4,60.4,High-Growth / High-Risk,Optimize: strong momentum but monitor cost burden; reinforce operational capacity ahead of scale
224,Cafe Aroha #224,Italian,QSR,Waitakere,0.99,29.79,4108,1001,1042,1024,1041,29819.79,35129.09,31877.71,32042.65,128869.24,0.2822,0.3179,0.3092,6.9,4.11,4278.51,11924.93,3186.21,2891.31,8535.35,26537.8,0.2437,0.3354,0.3296,0.335,0.20592811752439913,0.665,0.5199596117739189,0.6001000000000001,131.77215189873417,4066.92,31.370311587147032,0.31729463246687895,0.5910115576410929,0.5468608802423488,1.6795715482479172,-1.9665999974231578,-0.994349818154217,1.6483847358342834,4,56.7,High-Growth / High-Risk,Optimize: strong momentum but monitor cost burden; reinforce operational capacity ahead of scale
225,Gecko Cafe #225,Seafood,QSR,East Auckland,0.99,29.79,5668,1772,1562,1247,1087,52787.88,49261.21,38583.37,33029.33,173661.79,0.3003,0.3891,0.2661,9.6,4.46,4848.02,16395.92,2192.12,1716.96,5410.89,25715.89,0.3126,0.4009,0.3201,0.279,0.14808030022033056,0.721,0.5058371216834745,0.6894,102.54716981132076,5611.32,30.63898906139732,1.0943567173992717,1.4010502489375536,1.339622972133671,1.8890553418485598,-1.3850107549421522,0.7796097431083632,1.1647193676651224,4,49.6,High-Growth / High-Risk,Optimize: strong momentum but monitor cost burden; reinforce operational capacity ahead of scale
226,Ocean & Vine #226,Vegan/Plant-Based,Cafe,Newmarket,1.0054,31.79,3166,1307,753,564,542,41549.53,25070.73,20176.81,17971.53,104768.6,0.28,0.4312,0.2401,9.4,4.78,2590.76,11999.5,1220.94,982.61,2599.42,16802.47,0.4128,0.4051,0.3034,0.2916,0.16037696409038585,0.7085,0.4318807352584648,0.7112,52.11538461538461,3183.0964000000004,33.09178774478838,-0.15660237611314587,0.02688928081769505,0.023759576852660502,0.8853193826371243,0.41181513904901984,0.10412144563393502,0.23314314379444942,2,42.0,Aggregator-Dependent Low Margin,"Rebalance channels: shift volume toward in-store/self-delivery, renegotiate commission exposure"
227,Kiwi Kitchen Co #227,Mexican,Cafe,North Shore,1.0055,35.62,3662,1451,851,762,598,51684.62,32137.51,30172.45,22047.18,136041.76,0.2878,0.368,0.3393,8.5,2.95,1764.1,17789.85,157.47,147.85,5824.54,23919.71,0.3962,0.3849,0.3446,0.2705,0.1758262315924169,0.7295,0.45802083125063947,0.6557999999999999,62.94736842105263,3682.141,37.14957946477335,0.4497469232257743,0.33277147860537887,0.32688458649586405,0.3244246923249901,0.0073129300523478635,0.6343167999763418,-0.36240753534266557,1,47.7,Stable Local Performers,"Hold / stabilize: protect margin, selectively test growth levers before scaling"
228,Mango Tree Thai #228,Burgers,Casual Dining,Newmarket,1.0042,47.23,1891,667,369,475,380,31502.41,18236.69,24429.66,18627.94,92796.7,0.3828,0.4031,0.2619,8.1,2.46,934.8,6744.67,-871.71,-1167.74,3053.44,7758.66,0.3527,0.3015,0.3881,0.3105,0.08360922317280679,0.6896,0.4597830526301043,0.7859,41.75824175824176,1898.9422,49.072818614489684,-0.4119593329715881,-0.8895095788472127,-0.8889229046596264,-0.5199202214455957,3.877539401705136,1.617798212754573,1.137099896104623,3,34.1,"Overextended, Low Return","Hold / stabilize: pause expansion, reduce cost burden and delivery radius before reinvesting"
229,Silver Fern Diner #229,Seafood,Casual Dining,North Shore,1.0242,35.95,2602,843,697,665,397,30305.85,26593.03,25548.37,14935.37,97382.62,0.3301,0.4196,0.2629,9.8,4.29,1703.13,7585.55,-335.07,-321.91,2035.19,8963.76,0.324,0.3962,0.3781,0.2257,0.0920468149244701,0.7743,0.5354281903690823,0.7497,36.75925925925926,2664.9684,37.426064565718676,-0.3123366349384236,-0.3508446194989706,-0.3172015560690384,0.27503933503275235,0.45466515929183887,2.9911753571557,0.4162388780601899,2,41.3,Aggregator-Dependent Low Margin,"Rebalance channels: shift volume toward in-store/self-delivery, renegotiate commission exposure"
230,Blue Wave Sushi #230,Pizza,Cafe,West Auckland,0.99,36.02,3411,1689,646,633,443,60837.78,23985.18,25238.15,15964.93,126026.04,0.2087,0.2872,0.278,9.6,3.58,1585.94,30668.32,5423.05,5706.35,6461.98,48259.7,0.4952,0.3751,0.3676,0.2573,0.3829343522973506,0.7426999999999999,0.3905806292096459,0.4959,41.79245283018868,3376.89,36.94694810905892,0.2637929613370233,0.18068359742516382,0.1440996400316218,0.17591541254557982,-1.2047039032580986,-1.9146741544278854,-3.224928494533649,1,54.9,Stable Local Performers,"Hold / stabilize: protect margin, selectively test growth levers before scaling"
231,The Copper Pan #231,Indian,Cafe,Ponsonby,1.0109,31.85,2848,1153,521,722,452,36723.05,17267.71,25885.75,15441.59,95318.1,0.2898,0.3822,0.282,5.8,1.72,777.44,12045.16,794.31,1190.74,4287.4,18317.61,0.4048,0.3074,0.426,0.2667,0.192173469676798,0.7334,0.452731013312267,0.6719999999999999,66.47058823529412,2879.0431999999996,33.46843398876405,-0.3568943078107936,-0.1816383487940883,-0.1726493805233955,-0.7470859612787163,-0.2165346398535904,0.4346375636488513,-0.2822460554768301,1,48.2,Stable Local Performers,"Hold / stabilize: protect margin, selectively test growth levers before scaling"
232,Manuka Street Food #232,Mexican,QSR,Devonport,1.0354,31.47,4220,1179,1261,1097,683,37103.13,42628.87,39167.96,21616.25,140516.21,0.3011,0.2633,0.2684,12.3,1.66,1133.78,16162.12,7127.55,6548.88,8282.26,38120.81,0.2794,0.4147,0.3607,0.2246,0.2712911912440565,0.7754000000000001,0.582116682480975,0.5644,51.35338345864661,4369.388000000001,33.29768009478673,0.5306459294649395,0.6536879920098598,0.7125981448537698,-0.2736872716246482,-3.212696509240809,1.4074763292510986,-0.22222541642161073,4,65.3,High-Growth / High-Risk,Optimize: strong momentum but monitor cost burden; reinforce operational capacity ahead of scale
233,The Grill House #233,Cafe/Brunch,Casual Dining,Newmarket,0.99,39.51,2093,836,463,457,337,33030.36,20750.46,19701.2,13795.19,87277.21,0.3213,0.3959,0.2795,6.1,3.34,1125.58,9340.99,68.48,65.01,2775.7,12250.18,0.3994,0.3683,0.3636,0.2681,0.14035943632936937,0.7319,0.4634847974631636,0.7172,47.46478873239437,2072.07,41.69957477305304,-0.535120169768275,-0.7277059449868993,-0.7509046075818263,-0.28310808913044183,1.794264721812236,1.2498904465309788,-0.33023123015350253,2,36.0,Aggregator-Dependent Low Margin,"Rebalance channels: shift volume toward in-store/self-delivery, renegotiate commission exposure"
234,Rangitoto Roast #234,Vegan/Plant-Based,Cafe,Devonport,0.9993,31.22,3080,1296,739,620,425,40461.12,23704.84,21806.63,13488.62,99461.21,0.2874,0.3386,0.2788,8.7,2.6,1105.0,15132.46,2256.7,2075.99,3939.74,23404.89,0.4208,0.4142,0.3475,0.2382,0.23531676318838265,0.7617,0.45758009579815084,0.626,43.81443298969072,3077.844,32.29260064935065,-0.2679406457922713,-0.028459658234151156,-0.04312896317858267,-0.30700114818788715,-1.0266382912259455,0.530953165196262,-1.3765511613988346,1,46.3,Stable Local Performers,"Hold / stabilize: protect margin, selectively test growth levers before scaling"
235,Fenwick's Bistro #235,Thai,QSR,Waitakere,1.0007,32.39,3945,1067,1113,1090,675,34560.13,37767.77,38357.92,22779.38,133465.2,0.2991,0.3251,0.2852,8.5,2.77,1869.75,12987.7,3421.76,3475.23,6690.74,26575.43,0.2705,0.3867,0.3787,0.2345,0.19911879651025136,0.7654,0.5703785705936828,0.6242,71.05263157894737,3947.7614999999996,33.83148288973384,0.40256968348501776,0.49829146191797,0.47988997204563427,0.4067943509445521,-2.0322793019787198,1.620357651540993,-0.02344171922558154,4,53.1,High-Growth / High-Risk,Optimize: strong momentum but monitor cost burden; reinforce operational capacity ahead of scale
236,Gecko Cafe #236,Cafe/Brunch,Cafe,South Auckland,0.9916,29.79,4276,1586,1128,873,689,47246.94,38243.2,28131.13,20985.45,134606.72,0.2784,0.3559,0.2093,10.8,3.98,2742.22,17278.21,5981.24,4399.71,4932.16,32591.32,0.3709,0.4193,0.3245,0.2561,0.24212253296120728,0.7438,0.4930981900457867,0.6343,58.389830508474574,4240.0816,31.479588400374183,0.4235256857527095,0.6847229526851432,0.6424665952569703,0.9716495049498146,-1.5953967634933823,0.22523030593243198,-0.5238814915863986,4,49.2,High-Growth / High-Risk,Optimize: strong momentum but monitor cost burden; reinforce operational capacity ahead of scale
237,Arataki Eatery #237,Chinese,Cafe,Auckland CBD,1.0001,29.79,3207,1521,588,523,575,45310.59,19893.55,17644.64,18307.75,101156.53,0.2984,0.2,0.3364,3.0,3.63,2087.25,22727.79,3286.41,2914.89,7095.92,36025.01,0.4743,0.3488,0.3102,0.341,0.35613133427965554,0.659,0.371090131304425,0.4984,143.75,3207.3206999999998,31.542416588712193,-0.2320664761047786,0.05301921218683809,0.03899778970860838,0.5650589512600505,-1.7700909257274173,-3.293284137207312,0.047778633334729384,0,63.2,Scalable Self-Delivery Leaders,"Optimize: invest in expansion capacity, replicate channel mix in new sites"
238,Nikau Noodle House #238,Italian,QSR,North Shore,1.0334,29.79,6370,2119,1433,1576,1242,63125.01,47313.52,50246.21,38172.38,198857.12,0.2837,0.3089,0.2756,12.6,4.26,5290.92,25717.13,6235.92,6622.45,10260.51,48836.01,0.3327,0.3371,0.3707,0.2922,0.24558341184866805,0.7078,0.49060214690829274,0.5926,91.32352941176471,6582.758000000001,31.21775824175824,1.4882182550934193,1.7296099437069863,1.7830524122991742,2.0384823085265302,-2.5422696427861124,-0.42946756225788413,0.9257258322015988,4,69.0,High-Growth / High-Risk,Optimize: strong momentum but monitor cost burden; reinforce operational capacity ahead of scale
239,Ocean & Vine #239,Vegan/Plant-Based,Casual Dining,West Auckland,1.0336,40.29,3452,1310,753,854,535,52779.9,31893.56,36866.73,22656.63,144196.82,0.2916,0.4121,0.2974,7.1,0.89,476.15,15638.68,-35.08,-40.55,6237.01,21800.06,0.3795,0.3515,0.3987,0.2498,0.151182668244695,0.7502,0.4768502523148569,0.7037,66.04938271604938,3567.9872,41.7719640787949,0.5962501700200473,0.20588952499234714,0.2594450050410183,-1.3150515374561187,0.728469999385824,1.819411723734084,0.36476597728499766,2,52.5,Aggregator-Dependent Low Margin,"Rebalance channels: shift volume toward in-store/self-delivery, renegotiate commission exposure"
240,Waterfront Grill #240,Seafood,Casual Dining,Auckland CBD,1.001,37.03,1948,629,569,409,341,23291.87,22641.38,16048.51,12878.64,74860.4,0.4,0.4023,0.2387,13.8,3.08,1050.28,4604.8,-928.3,-657.99,1495.83,4514.34,0.3229,0.4314,0.3101,0.2585,0.0603034448119433,0.7415,0.5168271876719869,0.8023,23.04054054054054,1949.9479999999999,38.42936344969199,-0.8269837369748748,-0.8430352949428267,-0.8476330106905635,-0.3723449088369389,1.8117930529385184,2.893137109326144,0.7040039077326603,2,29.5,Aggregator-Dependent Low Margin,"Rebalance channels: shift volume toward in-store/self-delivery, renegotiate commission exposure"
241,Ponsonby Pizza Co #241,Korean BBQ,Casual Dining,Manukau,1.0346,35.91,2935,1063,727,649,496,38172.33,27345.55,25343.23,17839.01,108700.12,0.2985,0.3749,0.2659,7.8,3.56,1765.76,12467.08,1659.87,1538.33,4060.46,19725.74,0.3622,0.3884,0.3467,0.265,0.1814693488838835,0.7351000000000001,0.48471685219850724,0.6734,56.36363636363636,3036.551,37.03581601362862,-0.0758997464246571,-0.12350995904750746,-0.06968116160077666,0.32574967319867004,-0.12876860262463222,1.059470616217318,0.5652282323294078,2,54.1,Aggregator-Dependent Low Margin,"Rebalance channels: shift volume toward in-store/self-delivery, renegotiate commission exposure"
242,Mango Tree Thai #242,Korean BBQ,Casual Dining,Devonport,1.0065,38.03,3200,970,679,759,792,36889.1,26770.48,31486.57,31093.6,126239.75,0.323,0.4621,0.2598,9.3,1.12,887.04,7927.47,-1201.99,-1413.75,5794.97,11106.7,0.3031,0.3045,0.3404,0.3552,0.0879810043983769,0.6449,0.4614794468461796,0.7851,76.89320388349515,3220.7999999999997,39.449921875,0.26783486213687924,0.04856954768855592,0.04745210842741688,-0.5853374606131893,2.0861987107297293,0.34748044994593996,2.315490792196097,2,40.6,Aggregator-Dependent Low Margin,"Rebalance channels: shift volume toward in-store/self-delivery, renegotiate commission exposure"
243,Golden Wok #243,Vegan/Plant-Based,Casual Dining,Newmarket,1.0323,40.78,2900,1146,754,466,534,46733.88,32882.03,21015.19,22711.14,123342.24,0.2751,0.3956,0.3241,16.2,2.08,1110.72,15389.47,170.99,109.28,6368.06,22037.8,0.3952,0.4299,0.2657,0.3044,0.17867196185183598,0.6956,0.4369729299548962,0.6707000000000001,31.046511627906977,2993.67,42.53180689655173,0.21274525260563612,-0.14679289437209145,-0.09744529756360906,-0.30032412082327314,1.2533247188335968,0.25648217477655066,-0.19847234399838357,2,47.7,Aggregator-Dependent Low Margin,"Rebalance channels: shift volume toward in-store/self-delivery, renegotiate commission exposure"
244,Arataki Eatery #244,Seafood,Cafe,East Auckland,1.0036,31.63,3267,1436,759,572,500,45420.68,26284.41,19466.75,16396.42,107568.26,0.2835,0.3719,0.2624,8.5,1.88,940.0,15651.97,2160.58,1600.17,4710.21,24122.93,0.4395,0.4145,0.3124,0.2731,0.22425695088867292,0.7269,0.4253221163938136,0.6554,52.63157894736842,3278.7612000000004,32.92569941842669,-0.09898473744974197,0.0909672303344112,0.0836068075414755,-0.5129635135330644,-0.3446564989822325,-0.07710185404664079,-0.610043355158857,1,46.6,Stable Local Performers,"Hold / stabilize: protect margin, selectively test growth levers before scaling"
245,Waterfront Grill #245,Indian,Fine Dining,Ponsonby,0.999,42.7,862,508,134,110,110,21691.6,6103.97,4923.95,5058.49,37778.01,0.322,0.5022,0.3027,13.8,2.82,310.2,3813.38,-774.59,-624.85,579.08,2993.02,0.5893,0.3785,0.3107,0.3107,0.07922651298996426,0.6892,0.29191373500086426,0.8242,7.4324324324324325,861.138,43.825997679814385,-1.8826960197572475,-1.8932339839201178,-1.898653623830106,-1.771022544512781,5.452305892067765,0.2899646889570271,-1.3870945476941814,3,16.6,"Overextended, Low Return","Hold / stabilize: pause expansion, reduce cost burden and delivery radius before reinvesting"
246,Golden Wok #246,Thai,Casual Dining,Newmarket,1.0115,42.29,1898,649,465,380,404,27446.21,21619.68,18202.55,18051.28,85319.72,0.3067,0.3981,0.2605,9.6,4.59,1854.36,8102.12,750.2,631.63,3474.38,12958.33,0.3419,0.3723,0.3042,0.3235,0.15187965923938804,0.6765000000000001,0.46674121762237375,0.7048,38.113207547169814,1919.8270000000002,44.952434141201266,-0.5797122746756448,-0.8837658875119233,-0.8719504838098749,0.39503595318142565,2.214073453610958,0.26775041848618664,0.7386217527494333,2,42.2,Aggregator-Dependent Low Margin,"Rebalance channels: shift volume toward in-store/self-delivery, renegotiate commission exposure"
247,Rangitoto Roast #247,Pizza,Cafe,Ponsonby,1.05,36.53,3644,1452,894,621,677,53041.56,34568.73,24159.21,26700.71,138470.21,0.3114,0.3051,0.2664,11.0,5.02,3398.54,20341.44,4048.0,2829.04,6841.18,34059.66,0.3985,0.4078,0.2833,0.3089,0.24597102871440726,0.6911,0.4241196716607854,0.6165,56.416666666666664,3826.2000000000003,37.999508781558724,0.49381293125312414,0.3220368635644232,0.41052383592594344,1.3059281211882297,-0.2720424146200714,-0.6002402314144827,0.8913255265338466,4,62.7,High-Growth / High-Risk,Optimize: strong momentum but monitor cost burden; reinforce operational capacity ahead of scale
248,Nikau Noodle House #248,Chinese,Casual Dining,East Auckland,1.0188,39.73,3433,1310,803,675,645,52046.3,33975.64,30571.77,26230.74,142824.45,0.3342,0.2581,0.2726,9.7,1.9,1225.5,21219.28,4590.11,4130.25,9468.77,39408.41,0.3816,0.3782,0.3179,0.3038,0.27592201475307626,0.6960999999999999,0.4519352953923505,0.5923,60.280373831775705,3497.5404,41.60339353335276,0.5718857078055943,0.1942269241428332,0.21728988622702472,-0.17193110863636957,-0.03548246004892514,-0.5018639171282199,0.18627063734619112,2,57.8,Aggregator-Dependent Low Margin,"Rebalance channels: shift volume toward in-store/self-delivery, renegotiate commission exposure"
249,Tui Table #249,Korean BBQ,Cafe,South Auckland,0.9944,34.41,4311,1849,966,1005,491,63624.09,37321.53,36205.88,17961.81,155113.31,0.2971,0.3261,0.3185,12.5,3.38,1659.58,23973.56,2175.85,2110.8,5108.43,33368.64,0.4289,0.3924,0.4082,0.1994,0.21512428559483388,0.8006,0.47402386036375604,0.6232,36.370370370370374,4286.8584,35.980818835537,0.7861450468114529,0.7040195559530208,0.6679580500542418,0.2388727632159119,-0.9475866376936153,1.5740806186496306,-2.283201464204701,1,42.2,Stable Local Performers,"Hold / stabilize: protect margin, selectively test growth levers before scaling"
250,Harbor Bites #250,Thai,Casual Dining,Newmarket,1.0205,42.35,1922,741,477,356,348,31381.35,22911.53,16475.82,15392.82,86161.52,0.2669,0.418,0.2233,7.1,3.41,1186.68,9888.26,2103.28,1512.48,3663.6,17167.62,0.3855,0.4039,0.3014,0.2947,0.19924927043998295,0.7053,0.4571338806464881,0.6849000000000001,42.96296296296296,1961.4009999999998,44.8290946930281,-0.5604750540291782,-0.8641509622830831,-0.8384357769381336,-0.21421333421133276,1.7218192127320182,0.31057428358648653,0.26170549086051,2,47.4,Aggregator-Dependent Low Margin,"Rebalance channels: shift volume toward in-store/self-delivery, renegotiate commission exposure"
